Loan ID,Issue Date,Borrower ID,State,Loan Amount,Interest Rate,Term (Months),Loan Status,Loan Grade,Loan Intent,Annual Income,Home Ownership,DTI,LTV,Total Payments Received,Recovery Amount
L0001,11-05-2023,B0001,OH,23180,10.1,60,Fully Paid,A,small business,41676,OWN,0.24,0.82,25521.18,0
L0002,11-11-2023,B0002,PA,32896,20.6,36,Current,D,credit card,34434,MORTGAGE,0.47,0.59,9222.59,0
L0003,02-05-2021,B0003,PA,13875,21.5,36,Current,A,home improvement,79810,RENT,0.33,0.7,2689.37,0
L0004,12-04-2022,B0004,OH,2622,14.9,60,Fully Paid,F,other,133361,OWN,0.17,0.87,3012.68,0
L0005,27-11-2021,B0005,NY,17725,12.7,36,Fully Paid,G,other,148696,OWN,0.16,0.79,19976.08,0
L0006,29-03-2021,B0006,NY,16646,14,36,Fully Paid,A,other,124636,RENT,0.33,0.69,18976.44,0
L0007,22-05-2023,B0007,MI,18029,9.5,60,Fully Paid,D,debt consolidation,34994,OWN,0.4,0.8,19741.76,0
L0008,11-05-2021,B0008,NC,30402,22.8,36,Current,A,small business,34234,RENT,0.41,0.55,3813.31,0
L0009,09-02-2023,B0009,GA,5263,14,36,Current,D,home improvement,99300,RENT,0.21,0.68,885.74,0
L0010,10-12-2021,B0010,IL,31987,22.6,60,Current,B,small business,73949,RENT,0.18,0.86,2113.92,0
L0011,17-03-2023,B0011,PA,9646,7.1,60,Late (31-120 days),D,debt consolidation,67405,RENT,0.11,0.6,0,0
L0012,21-01-2022,B0012,MI,28529,24.8,60,Fully Paid,B,home improvement,64872,RENT,0.37,0.58,35604.19,0
L0013,14-08-2023,B0013,CA,12664,13.9,36,Fully Paid,A,home improvement,72215,MORTGAGE,0.13,0.93,14424.3,0
L0014,04-10-2021,B0014,MI,36737,6,60,Fully Paid,B,credit card,53185,RENT,0.27,0.59,38941.22,0
L0015,05-04-2022,B0015,CA,36796,5.8,60,Current,A,small business,73442,MORTGAGE,0.34,0.62,13503.79,0
L0016,22-01-2021,B0016,FL,25027,19.9,36,Fully Paid,C,small business,81759,RENT,0.47,0.94,30007.37,0
L0017,10-09-2021,B0017,TX,30373,18.2,60,Current,A,credit card,71153,OWN,0.22,0.83,8244.83,0
L0018,18-01-2023,B0018,OH,37397,21,60,Fully Paid,C,other,107535,MORTGAGE,0.2,0.81,45250.37,0
L0019,07-05-2023,B0019,TX,21609,7.1,60,Charged Off,F,debt consolidation,132023,OWN,0.36,0.88,2771.85,10111.4
L0020,20-04-2022,B0020,MI,36835,5.7,60,Charged Off,E,small business,32581,RENT,0.35,0.55,5580.8,9880.57
L0021,19-12-2023,B0021,TX,39709,15.2,36,Fully Paid,F,credit card,81717,RENT,0.23,0.82,45744.77,0
L0022,26-05-2022,B0022,IL,20250,12.8,60,Fully Paid,F,home improvement,32763,OWN,0.47,0.73,22842,0
L0023,01-12-2022,B0023,FL,22172,14.2,60,Current,A,credit card,122910,RENT,0.44,0.87,2131.63,0
L0024,03-09-2023,B0024,GA,12555,24.8,36,Fully Paid,A,other,85480,OWN,0.19,0.73,15668.64,0
L0025,09-07-2021,B0025,FL,22874,24.4,60,Fully Paid,C,debt consolidation,68759,RENT,0.2,0.78,28455.26,0
L0026,16-08-2023,B0026,PA,14081,23.8,36,Current,F,other,106067,RENT,0.3,0.71,4585.71,0
L0027,18-11-2022,B0027,IL,25063,20.7,36,Fully Paid,G,home improvement,148094,MORTGAGE,0.41,0.72,30251.04,0
L0028,16-08-2023,B0028,TX,7819,12.1,36,Current,A,home improvement,55307,OWN,0.12,0.85,722.43,0
L0029,17-07-2022,B0029,GA,26712,13.2,60,Current,B,home improvement,126371,RENT,0.38,0.78,10402.38,0
L0030,12-04-2023,B0030,TX,25762,16,36,Fully Paid,A,home improvement,41064,OWN,0.36,0.78,29883.92,0
L0031,09-10-2022,B0031,NC,12046,21.6,36,Fully Paid,D,credit card,106848,MORTGAGE,0.19,0.7,14647.94,0
L0032,21-01-2021,B0032,NC,32463,6.4,36,Fully Paid,D,home improvement,67548,OWN,0.37,0.74,34540.63,0
L0033,21-04-2023,B0033,NY,29769,13.5,60,Current,A,home improvement,66945,MORTGAGE,0.48,0.84,1763.22,0
L0034,16-06-2021,B0034,FL,24150,6.7,60,Fully Paid,C,credit card,77937,OWN,0.12,0.87,25768.05,0
L0035,23-01-2022,B0035,GA,3711,15.3,60,Charged Off,D,home improvement,36476,OWN,0.23,0.81,648.73,938.22
L0036,24-08-2022,B0036,NC,5853,23,60,Fully Paid,D,other,81756,MORTGAGE,0.28,0.92,7199.19,0
L0037,12-11-2021,B0037,NY,30077,20.6,60,Fully Paid,A,other,120101,RENT,0.46,0.87,36272.86,0
L0038,14-01-2021,B0038,IL,24863,9.6,60,Fully Paid,F,small business,32382,RENT,0.48,0.75,27249.85,0
L0039,30-08-2021,B0039,GA,22792,24.5,60,Fully Paid,C,other,79683,RENT,0.28,0.8,28376.04,0
L0040,16-02-2023,B0040,NY,9942,18.3,36,Fully Paid,E,debt consolidation,117999,OWN,0.4,0.92,11761.39,0
L0041,19-07-2022,B0041,OH,2762,5.2,36,Current,E,debt consolidation,75276,OWN,0.31,0.78,1245.11,0
L0042,17-06-2023,B0042,GA,32987,10.1,36,Fully Paid,A,debt consolidation,63402,RENT,0.32,0.87,36318.69,0
L0043,02-04-2021,B0043,MI,16850,10.2,36,Fully Paid,A,credit card,121881,OWN,0.21,0.81,18568.7,0
L0044,14-08-2023,B0044,NY,13112,6.4,60,Fully Paid,D,other,140300,OWN,0.19,0.75,13951.17,0
L0045,24-05-2022,B0045,TX,25058,24.2,36,Current,A,debt consolidation,56946,RENT,0.22,0.61,9355.13,0
L0046,15-02-2023,B0046,MI,39890,14.6,36,Current,E,small business,109698,MORTGAGE,0.32,0.69,3304.32,0
L0047,04-02-2021,B0047,OH,1481,22.9,36,Fully Paid,D,credit card,144690,OWN,0.11,0.94,1820.15,0
L0048,25-07-2021,B0048,NC,33921,11.4,36,Current,E,small business,142309,OWN,0.46,0.8,14230.09,0
L0049,23-10-2023,B0049,CA,2524,7.5,60,Fully Paid,B,other,103933,OWN,0.16,0.75,2713.3,0
L0050,19-10-2023,B0050,NY,35888,14.5,60,Current,B,home improvement,52335,OWN,0.19,0.92,9756.72,0
L0051,20-07-2022,B0051,IL,16048,7.3,60,Fully Paid,D,small business,75095,MORTGAGE,0.31,0.76,17219.5,0
L0052,04-12-2022,B0052,NY,36111,14.7,36,Fully Paid,A,home improvement,109930,RENT,0.38,0.74,41419.32,0
L0053,06-02-2022,B0053,CA,38904,23.4,60,Charged Off,D,credit card,57197,OWN,0.14,0.84,13773.37,12116.05
L0054,31-12-2022,B0054,OH,35008,15.4,36,Fully Paid,E,small business,52010,RENT,0.23,0.82,40399.23,0
L0055,11-06-2021,B0055,OH,1060,17.3,60,Current,B,small business,54123,OWN,0.49,0.59,339.55,0
L0056,21-07-2021,B0056,MI,10130,8.1,60,Fully Paid,D,credit card,117923,MORTGAGE,0.2,0.71,10950.53,0
L0057,23-09-2023,B0057,GA,19023,5.9,60,Current,A,credit card,32890,RENT,0.23,0.71,6787.88,0
L0058,27-09-2021,B0058,IL,14350,7.2,60,Charged Off,B,debt consolidation,123305,MORTGAGE,0.43,0.67,5712.02,3379.84
L0059,27-03-2023,B0059,MI,25354,17,60,Fully Paid,G,other,139162,OWN,0.12,0.73,29664.18,0
L0060,01-04-2022,B0060,IL,29145,6.9,36,Current,G,small business,38026,MORTGAGE,0.29,0.69,4504.39,0
L0061,14-10-2023,B0061,IL,35020,12.5,60,Current,C,small business,94925,MORTGAGE,0.25,0.59,11583.76,0
L0062,23-10-2021,B0062,CA,21587,16,36,Current,F,credit card,98842,OWN,0.23,0.69,5550.98,0
L0063,21-12-2022,B0063,MI,10650,12.8,36,Fully Paid,C,credit card,63665,OWN,0.21,0.53,12013.2,0
L0064,04-12-2021,B0064,IL,20933,8.3,36,Charged Off,B,other,39277,RENT,0.14,0.76,2341.05,2519.27
L0065,29-05-2023,B0065,PA,21581,10.5,36,Fully Paid,B,credit card,72239,OWN,0.23,0.88,23847,0
L0066,13-12-2023,B0066,CA,24393,23.6,36,Fully Paid,F,home improvement,77664,RENT,0.12,0.83,30149.75,0
L0067,03-03-2023,B0067,OH,24051,18.5,60,Charged Off,A,home improvement,78008,MORTGAGE,0.41,0.66,2509.51,11762.86
L0068,05-08-2021,B0068,CA,27212,14.9,60,Current,C,home improvement,44683,MORTGAGE,0.26,0.54,2820.6,0
L0069,03-02-2023,B0069,TX,5090,5.3,60,Fully Paid,C,home improvement,30670,RENT,0.28,0.59,5359.77,0
L0070,07-07-2021,B0070,TX,7960,24.8,60,Fully Paid,D,other,119211,OWN,0.46,0.75,9934.08,0
L0071,15-01-2022,B0071,IL,36772,18.4,36,Fully Paid,C,small business,47889,OWN,0.36,0.59,43538.05,0
L0072,08-05-2022,B0072,MI,22520,11.3,60,Fully Paid,B,home improvement,85612,MORTGAGE,0.1,0.74,25064.76,0
L0073,01-12-2023,B0073,OH,37408,22.6,60,Fully Paid,A,credit card,74535,RENT,0.48,0.6,45862.21,0
L0074,15-01-2021,B0074,CA,29470,10.2,36,Current,C,home improvement,108542,MORTGAGE,0.19,0.88,10081.43,0
L0075,06-03-2021,B0075,MI,21491,15.9,36,Fully Paid,D,other,84319,MORTGAGE,0.14,0.68,24908.07,0
L0076,05-06-2022,B0076,CA,2341,17.7,60,Current,C,credit card,144072,OWN,0.41,0.61,714.53,0
L0077,10-10-2022,B0077,CA,25791,9.4,60,Current,D,home improvement,122067,RENT,0.3,0.87,7712.63,0
L0078,23-12-2023,B0078,PA,1338,24.6,36,Fully Paid,A,small business,51639,MORTGAGE,0.27,0.65,1667.15,0
L0079,16-08-2022,B0079,TX,6895,20,60,Fully Paid,F,credit card,94712,OWN,0.2,0.55,8274,0
L0080,27-01-2022,B0080,CA,13254,16.2,60,Fully Paid,C,credit card,46633,MORTGAGE,0.32,0.76,15401.15,0
L0081,23-02-2022,B0081,PA,12344,8.6,60,Fully Paid,A,small business,64660,MORTGAGE,0.21,0.76,13405.58,0
L0082,16-10-2021,B0082,TX,2750,6.1,60,Current,C,credit card,98975,OWN,0.46,0.82,176.92,0
L0083,14-01-2022,B0083,PA,3421,11.4,36,Fully Paid,E,home improvement,62172,OWN,0.19,0.61,3810.99,0
L0084,19-08-2021,B0084,MI,6319,20.1,36,Current,F,credit card,89197,RENT,0.45,0.7,1650.44,0
L0085,15-10-2023,B0085,GA,16896,10.4,36,Fully Paid,B,home improvement,131158,MORTGAGE,0.32,0.63,18653.18,0
L0086,10-02-2021,B0086,TX,12918,15.8,60,Fully Paid,D,small business,88847,RENT,0.43,0.54,14959.04,0
L0087,18-11-2023,B0087,NC,26064,19.6,60,Fully Paid,A,debt consolidation,41577,OWN,0.39,0.89,31172.54,0
L0088,15-05-2021,B0088,GA,28935,7.2,60,Fully Paid,A,small business,107299,OWN,0.38,0.83,31018.32,0
L0089,20-07-2021,B0089,MI,38641,18.7,60,Fully Paid,C,home improvement,50176,MORTGAGE,0.23,0.64,45866.87,0
L0090,19-02-2023,B0090,CA,30711,6.8,60,Fully Paid,D,other,74386,RENT,0.19,0.77,32799.35,0
L0091,19-07-2023,B0091,OH,5806,24.3,36,Charged Off,E,small business,93972,RENT,0.18,0.59,2191.11,417.13
L0092,23-11-2023,B0092,MI,13182,14.8,60,Current,B,other,119791,MORTGAGE,0.44,0.9,3017.58,0
L0093,08-12-2023,B0093,PA,23297,8,60,Fully Paid,A,other,71003,MORTGAGE,0.43,0.55,25160.76,0
L0094,18-05-2022,B0094,PA,20541,11.8,36,Fully Paid,C,home improvement,49996,RENT,0.28,0.5,22964.84,0
L0095,11-02-2022,B0095,PA,29921,13.3,60,Fully Paid,A,home improvement,130922,OWN,0.15,0.73,33900.49,0
L0096,16-03-2023,B0096,PA,17774,20.2,36,Fully Paid,A,debt consolidation,116598,OWN,0.25,0.76,21364.35,0
L0097,09-04-2021,B0097,MI,38198,19.9,36,Fully Paid,B,credit card,65931,MORTGAGE,0.35,0.76,45799.4,0
L0098,15-11-2022,B0098,OH,9820,17.2,36,Fully Paid,B,small business,65710,RENT,0.28,0.52,11509.04,0
L0099,27-12-2022,B0099,NY,25070,7.1,36,Fully Paid,B,home improvement,64693,RENT,0.41,0.64,26849.97,0
L0100,19-08-2023,B0100,PA,5232,8,36,Fully Paid,C,small business,65740,RENT,0.5,0.72,5650.56,0
L0101,05-09-2022,B0101,NY,12122,6.9,60,Fully Paid,A,other,107241,OWN,0.18,0.6,12958.42,0
L0102,05-10-2022,B0102,OH,16023,16.5,36,Fully Paid,A,credit card,138944,OWN,0.28,0.89,18666.8,0
L0103,26-10-2023,B0103,OH,9007,22.5,36,Current,D,debt consolidation,123583,RENT,0.27,0.54,2983.25,0
L0104,18-05-2022,B0104,GA,18905,13.7,60,Fully Paid,A,small business,106502,RENT,0.22,0.72,21494.98,0
L0105,06-02-2023,B0105,TX,30398,8.2,60,Fully Paid,D,credit card,47374,MORTGAGE,0.18,0.81,32890.64,0
L0106,02-02-2022,B0106,NC,35268,16.2,36,Current,A,debt consolidation,106674,MORTGAGE,0.13,0.62,14139.59,0
L0107,21-05-2023,B0107,IL,7737,21.2,60,Charged Off,B,small business,146500,RENT,0.45,0.78,2593.27,2439.15
L0108,06-03-2023,B0108,NC,37062,19.8,60,Charged Off,A,credit card,111471,RENT,0.27,0.87,9479.87,13222.79
L0109,28-01-2022,B0109,MI,26510,22.6,36,Current,A,home improvement,75913,OWN,0.3,0.59,11560.44,0
L0110,26-07-2021,B0110,IL,20426,10.6,36,Fully Paid,C,small business,96025,RENT,0.47,0.91,22591.16,0
L0111,05-11-2023,B0111,OH,38265,8.9,60,Current,F,credit card,74516,MORTGAGE,0.41,0.75,8652.49,0
L0112,11-06-2023,B0112,NC,18850,22.6,36,Current,A,debt consolidation,117796,OWN,0.15,0.63,8480.84,0
L0113,14-05-2023,B0113,FL,1614,18.2,36,Fully Paid,B,credit card,56069,MORTGAGE,0.33,0.69,1907.75,0
L0114,13-01-2023,B0114,TX,22776,11.2,60,Fully Paid,D,home improvement,148333,MORTGAGE,0.28,0.64,25326.91,0
L0115,18-07-2022,B0115,NC,25077,19.8,36,Charged Off,C,small business,86233,OWN,0.42,0.83,4314.95,11970.48
L0116,18-10-2023,B0116,TX,10374,21.3,36,Fully Paid,E,small business,114811,MORTGAGE,0.39,0.86,12583.66,0
L0117,06-04-2021,B0117,NY,36435,17.3,36,Fully Paid,A,small business,89049,RENT,0.38,0.87,42738.26,0
L0118,30-04-2022,B0118,MI,31907,18.8,36,Fully Paid,F,home improvement,131820,MORTGAGE,0.24,0.94,37905.52,0
L0119,19-08-2021,B0119,TX,14409,12.5,36,Fully Paid,B,debt consolidation,148028,OWN,0.42,0.86,16210.12,0
L0120,19-01-2023,B0120,NY,17514,15.8,60,Fully Paid,B,small business,69178,OWN,0.12,0.77,20281.21,0
L0121,25-06-2022,B0121,PA,30866,15.5,60,Current,E,debt consolidation,62821,OWN,0.16,0.65,5435.42,0
L0122,26-11-2023,B0122,NY,3983,22,36,Current,C,credit card,81727,MORTGAGE,0.23,0.75,294.36,0
L0123,09-06-2022,B0123,MI,32705,21.8,60,Fully Paid,C,debt consolidation,90935,RENT,0.13,0.52,39834.69,0
L0124,01-08-2022,B0124,GA,21662,21.7,36,Charged Off,D,debt consolidation,46999,OWN,0.19,0.84,7336.37,1820.32
L0125,13-11-2022,B0125,PA,24510,5.2,36,Fully Paid,C,small business,92522,RENT,0.43,0.7,25784.52,0
L0126,11-07-2022,B0126,OH,13651,20,36,Fully Paid,A,other,68712,OWN,0.48,0.51,16381.2,0
L0127,10-10-2023,B0127,CA,29535,20.2,36,Current,D,other,94551,RENT,0.22,0.53,7019.73,0
L0128,08-10-2022,B0128,NY,7640,18.6,36,Current,A,home improvement,70172,RENT,0.21,0.67,1169.7,0
L0129,07-03-2023,B0129,NY,16317,20.1,60,Current,E,home improvement,63722,RENT,0.21,0.76,2517.8,0
L0130,18-11-2023,B0130,TX,8564,21.8,60,Charged Off,G,other,40625,OWN,0.21,0.71,3172.28,2148.21
L0131,09-07-2021,B0131,OH,28345,14.4,36,Current,B,credit card,97165,MORTGAGE,0.11,0.78,12054.06,0
L0132,25-09-2022,B0132,NC,29687,15,60,Charged Off,B,small business,106509,MORTGAGE,0.47,0.72,7898.5,6839.85
L0133,20-09-2022,B0133,FL,14737,7.5,36,Fully Paid,A,small business,36859,MORTGAGE,0.19,0.8,15842.28,0
L0134,31-08-2023,B0134,IL,10323,12.7,60,Current,A,credit card,71609,RENT,0.27,0.6,3378.2,0
L0135,11-12-2022,B0135,NY,16229,17.9,36,In Grace Period,F,credit card,73307,OWN,0.1,0.55,0,0
L0136,11-10-2022,B0136,NC,9502,20.6,60,Current,A,other,140986,RENT,0.44,0.77,2503.27,0
L0137,14-11-2021,B0137,FL,1545,9.3,36,Fully Paid,B,home improvement,131582,OWN,0.39,0.72,1688.68,0
L0138,15-11-2022,B0138,IL,38114,7.8,36,Fully Paid,E,credit card,51839,RENT,0.48,0.51,41086.89,0
L0139,26-10-2022,B0139,CA,30430,18.3,60,Current,F,home improvement,57216,OWN,0.41,0.67,6884.79,0
L0140,18-03-2022,B0140,TX,10996,5,60,Fully Paid,C,debt consolidation,82953,OWN,0.23,0.55,11545.8,0
L0141,18-07-2022,B0141,NC,28788,8.6,36,Late (31-120 days),C,small business,114481,OWN,0.2,0.74,0,0
L0142,10-08-2023,B0142,TX,30969,5.6,60,Fully Paid,D,other,90593,RENT,0.38,0.68,32703.26,0
L0143,30-11-2022,B0143,IL,14919,8.3,36,Fully Paid,G,small business,102075,MORTGAGE,0.25,0.78,16157.28,0
L0144,23-04-2021,B0144,GA,4810,8.6,60,Charged Off,C,other,79522,RENT,0.33,0.86,1802.03,798.06
L0145,02-01-2021,B0145,NY,31586,12.8,60,Fully Paid,C,debt consolidation,129161,RENT,0.1,0.63,35629.01,0
L0146,04-10-2022,B0146,PA,17371,13,36,Fully Paid,A,small business,34886,OWN,0.12,0.93,19629.23,0
L0147,08-08-2021,B0147,FL,30629,22.5,60,Current,A,debt consolidation,141249,OWN,0.31,0.74,3262.78,0
L0148,05-05-2023,B0148,OH,9436,15.2,60,Current,C,other,37485,MORTGAGE,0.33,0.78,2248.61,0
L0149,20-01-2022,B0149,MI,13984,19.5,36,Fully Paid,F,credit card,61455,MORTGAGE,0.4,0.81,16710.88,0
L0150,13-12-2023,B0150,NY,34039,7.1,60,Late (31-120 days),E,small business,141984,OWN,0.15,0.8,0,0
L0151,31-12-2022,B0151,PA,20895,9.5,36,Fully Paid,G,debt consolidation,46767,MORTGAGE,0.31,0.73,22880.02,0
L0152,04-09-2021,B0152,MI,19155,19.1,36,Current,C,small business,142701,MORTGAGE,0.18,0.69,3927.79,0
L0153,16-04-2023,B0153,NC,11616,6.1,36,Fully Paid,E,small business,58453,OWN,0.14,0.52,12324.58,0
L0154,22-07-2021,B0154,MI,38129,14.7,36,Current,E,small business,106280,RENT,0.26,0.51,10453.74,0
L0155,03-05-2021,B0155,CA,25574,17,36,Fully Paid,D,home improvement,132638,MORTGAGE,0.17,0.66,29921.58,0
L0156,05-02-2022,B0156,NY,4430,17,60,Fully Paid,B,debt consolidation,83442,OWN,0.19,0.65,5183.1,0
L0157,06-02-2023,B0157,TX,13676,5.5,36,Fully Paid,C,debt consolidation,81877,MORTGAGE,0.23,0.67,14428.18,0
L0158,21-10-2021,B0158,GA,11816,11.4,36,Current,E,small business,42226,MORTGAGE,0.2,0.56,3024.12,0
L0159,07-10-2021,B0159,OH,33733,17.7,60,Fully Paid,B,credit card,123405,OWN,0.14,0.83,39703.74,0
L0160,03-06-2023,B0160,TX,21144,8,60,Current,F,small business,52588,MORTGAGE,0.14,0.89,5994.33,0
L0161,17-07-2021,B0161,PA,3050,18.9,60,Current,A,home improvement,108976,MORTGAGE,0.18,0.92,344.54,0
L0162,09-09-2023,B0162,NY,34933,19.9,36,Fully Paid,D,other,61709,MORTGAGE,0.12,0.72,41884.67,0
L0163,22-01-2023,B0163,GA,25951,24.6,36,Fully Paid,D,home improvement,77788,RENT,0.35,0.82,32334.95,0
L0164,24-05-2021,B0164,MI,33413,9.2,36,Fully Paid,D,credit card,118031,RENT,0.21,0.88,36487,0
L0165,01-09-2022,B0165,NY,35801,21.5,60,Current,B,small business,67019,MORTGAGE,0.21,0.69,10056.99,0
L0166,06-07-2021,B0166,MI,33913,15.4,36,Fully Paid,F,debt consolidation,74948,OWN,0.23,0.64,39135.6,0
L0167,09-04-2022,B0167,NC,26280,12.5,60,Fully Paid,D,small business,95133,MORTGAGE,0.37,0.92,29565,0
L0168,22-10-2022,B0168,CA,25557,7.4,36,Current,B,credit card,144444,MORTGAGE,0.45,0.73,4065.82,0
L0169,03-02-2023,B0169,IL,36400,19.7,60,Current,D,debt consolidation,96458,RENT,0.4,0.72,4839.35,0
L0170,13-08-2023,B0170,NY,5494,9.7,36,Fully Paid,B,home improvement,147603,RENT,0.39,0.58,6026.92,0
L0171,07-02-2022,B0171,PA,16152,12.4,36,Fully Paid,B,other,57526,RENT,0.29,0.55,18154.85,0
L0172,27-05-2021,B0172,MI,24895,6.3,36,Current,B,other,103493,MORTGAGE,0.38,0.88,1971.07,0
L0173,14-05-2023,B0173,TX,10155,21,60,Charged Off,E,small business,82198,MORTGAGE,0.32,0.78,3338.92,989.42
L0174,04-05-2022,B0174,NC,32883,20.3,60,Charged Off,C,home improvement,144100,OWN,0.19,0.65,7504.97,9677.33
L0175,18-07-2023,B0175,PA,2828,19.7,36,Current,D,credit card,129534,MORTGAGE,0.18,0.59,938.87,0
L0176,05-07-2022,B0176,OH,33123,11,36,Fully Paid,B,other,73395,MORTGAGE,0.22,0.75,36766.53,0
L0177,04-12-2021,B0177,IL,38573,8.5,36,Fully Paid,B,home improvement,54031,RENT,0.46,0.76,41851.7,0
L0178,22-05-2023,B0178,NC,1806,17.8,60,Fully Paid,F,small business,105542,RENT,0.32,0.59,2127.47,0
L0179,03-10-2022,B0179,CA,30757,14.9,36,Fully Paid,C,debt consolidation,67701,RENT,0.39,0.88,35339.79,0
L0180,18-04-2022,B0180,IL,35636,8.6,36,Current,F,small business,142599,RENT,0.24,0.54,13449.63,0
L0181,31-05-2021,B0181,MI,15561,18.7,36,Fully Paid,A,small business,55939,RENT,0.26,0.66,18470.91,0
L0182,20-09-2021,B0182,PA,25262,24.8,36,Fully Paid,A,home improvement,79145,OWN,0.15,0.81,31526.98,0
L0183,24-05-2021,B0183,OH,15899,19.9,60,In Grace Period,E,other,50324,OWN,0.17,0.62,0,0
L0184,12-12-2021,B0184,FL,16934,19.8,60,Fully Paid,D,home improvement,52867,OWN,0.43,0.87,20286.93,0
L0185,16-09-2022,B0185,CA,39197,24,36,Fully Paid,A,debt consolidation,30203,RENT,0.33,0.83,48604.28,0
L0186,14-10-2023,B0186,GA,37332,9.1,36,Fully Paid,B,home improvement,46544,RENT,0.24,0.86,40729.21,0
L0187,31-05-2023,B0187,MI,35157,16.3,60,Current,E,credit card,45899,RENT,0.42,0.55,12505.08,0
L0188,02-01-2021,B0188,FL,12593,24.6,60,Current,C,small business,59063,OWN,0.2,0.56,3295.91,0
L0189,16-06-2023,B0189,NY,18320,8.3,36,Fully Paid,D,other,120880,RENT,0.49,0.63,19840.56,0
L0190,11-09-2021,B0190,OH,28376,19,60,Fully Paid,B,debt consolidation,33748,OWN,0.24,0.73,33767.44,0
L0191,29-03-2022,B0191,TX,15199,16.7,60,Current,B,small business,135022,RENT,0.23,0.84,3413,0
L0192,27-11-2023,B0192,GA,16876,16.7,36,Current,G,home improvement,147269,MORTGAGE,0.22,0.88,3698.91,0
L0193,12-10-2023,B0193,PA,9245,19,60,Late (31-120 days),A,credit card,96629,OWN,0.15,0.82,0,0
L0194,09-01-2021,B0194,OH,8214,23.6,60,Current,C,home improvement,110764,MORTGAGE,0.14,0.92,2776.51,0
L0195,27-03-2023,B0195,IL,1726,20.7,36,Current,E,small business,50884,OWN,0.36,0.83,470.61,0
L0196,27-07-2021,B0196,NC,12362,6.1,36,Fully Paid,A,debt consolidation,55183,RENT,0.45,0.64,13116.08,0
L0197,08-02-2022,B0197,IL,19297,22.1,60,Fully Paid,B,other,111570,RENT,0.42,0.62,23561.64,0
L0198,01-06-2021,B0198,IL,31448,9.5,36,Fully Paid,C,small business,101246,MORTGAGE,0.16,0.81,34435.56,0
L0199,23-02-2021,B0199,NY,27172,12.5,60,Current,C,debt consolidation,138036,RENT,0.32,0.59,11741.28,0
L0200,20-09-2022,B0200,CA,8657,14.2,36,Current,C,small business,49259,OWN,0.14,0.54,3840.38,0
L0201,10-08-2022,B0201,TX,19850,14.6,60,Fully Paid,B,credit card,65959,RENT,0.12,0.74,22748.1,0
L0202,14-04-2021,B0202,GA,26425,13.7,36,Fully Paid,C,home improvement,146525,RENT,0.36,0.87,30045.22,0
L0203,11-09-2021,B0203,CA,27685,23.7,60,Fully Paid,C,other,63457,OWN,0.31,0.55,34246.34,0
L0204,25-05-2022,B0204,OH,25578,19.1,60,Charged Off,D,debt consolidation,115679,MORTGAGE,0.13,0.86,3866.58,7371.47
L0205,09-04-2021,B0205,IL,29831,17.6,60,Current,A,other,32103,MORTGAGE,0.11,0.87,3320.34,0
L0206,02-06-2021,B0206,NY,8906,6,36,Current,D,other,95901,RENT,0.5,0.72,2971.76,0
L0207,03-07-2023,B0207,OH,8287,23.1,36,Current,F,other,142314,OWN,0.11,0.53,1537.67,0
L0208,28-05-2023,B0208,NC,34660,23.2,60,Charged Off,C,debt consolidation,74535,MORTGAGE,0.28,0.58,3659.1,4720.73
L0209,04-12-2021,B0209,TX,11222,20.6,60,Current,D,debt consolidation,46103,MORTGAGE,0.3,0.82,5048.66,0
L0210,02-04-2023,B0210,GA,38443,5.1,36,Current,C,other,128046,RENT,0.15,0.82,5847.39,0
L0211,15-08-2023,B0211,NC,35701,6.1,36,Fully Paid,E,home improvement,120012,OWN,0.17,0.9,37878.76,0
L0212,10-06-2021,B0212,NY,18764,9.5,36,Fully Paid,F,small business,108278,MORTGAGE,0.24,0.76,20546.58,0
L0213,12-03-2023,B0213,TX,18674,7.6,36,Fully Paid,A,other,42391,RENT,0.4,0.56,20093.22,0
L0214,02-02-2022,B0214,OH,19024,13,36,Fully Paid,B,credit card,132476,RENT,0.3,0.55,21497.12,0
L0215,27-03-2023,B0215,IL,24874,23.5,36,Late (31-120 days),B,other,58901,RENT,0.36,0.82,0,0
L0216,05-02-2022,B0216,IL,33284,14.4,60,Fully Paid,B,debt consolidation,127537,RENT,0.49,0.58,38076.9,0
L0217,02-10-2022,B0217,MI,18602,5.3,36,Charged Off,A,small business,111159,MORTGAGE,0.41,0.65,7046.14,4694.51
L0218,23-11-2023,B0218,IL,38784,10.7,60,Fully Paid,E,credit card,97914,OWN,0.27,0.72,42933.89,0
L0219,19-11-2022,B0219,FL,24265,5.9,36,Fully Paid,A,small business,80357,RENT,0.28,0.51,25696.64,0
L0220,05-04-2022,B0220,IL,26931,5.7,36,Charged Off,C,small business,116908,RENT,0.35,0.61,8489.47,8648.65
L0221,13-08-2023,B0221,FL,29841,10.5,60,Fully Paid,D,credit card,140335,MORTGAGE,0.37,0.68,32974.3,0
L0222,15-04-2022,B0222,PA,30192,10.5,60,Fully Paid,A,other,68437,RENT,0.3,0.63,33362.16,0
L0223,12-11-2023,B0223,FL,16585,20.7,36,Fully Paid,F,other,65503,RENT,0.36,0.56,20018.1,0
L0224,20-01-2023,B0224,TX,26559,24.5,60,Current,E,other,126282,OWN,0.11,0.83,10442.84,0
L0225,07-02-2021,B0225,NC,34742,12.4,60,Fully Paid,C,home improvement,123459,RENT,0.27,0.87,39050.01,0
L0226,18-08-2021,B0226,TX,5133,13.6,60,Current,B,other,105403,MORTGAGE,0.21,0.62,722,0
L0227,17-07-2022,B0227,NC,15663,21.9,60,Current,A,credit card,71258,OWN,0.15,0.85,2433.83,0
L0228,14-03-2022,B0228,MI,22754,10.4,36,Current,D,home improvement,63724,MORTGAGE,0.14,0.67,6475.12,0
L0229,27-01-2021,B0229,PA,4972,8.1,60,Current,A,other,94286,OWN,0.34,0.73,633.66,0
L0230,14-08-2021,B0230,NC,6295,22.1,36,Fully Paid,D,home improvement,104842,OWN,0.31,0.89,7686.2,0
L0231,09-03-2023,B0231,NC,30125,5.9,36,Fully Paid,E,credit card,134927,RENT,0.2,0.84,31902.38,0
L0232,11-10-2021,B0232,NY,10903,17.4,36,Current,A,other,44908,RENT,0.29,0.86,2043.7,0
L0233,29-05-2023,B0233,CA,4020,16.2,36,Fully Paid,E,debt consolidation,122617,RENT,0.3,0.56,4671.24,0
L0234,18-08-2023,B0234,CA,21420,11.9,60,Fully Paid,A,credit card,80626,MORTGAGE,0.18,0.53,23968.98,0
L0235,29-03-2022,B0235,NY,22452,11.3,60,Fully Paid,F,small business,67228,RENT,0.36,0.9,24989.08,0
L0236,17-10-2023,B0236,IL,39001,20.4,36,Charged Off,A,small business,53386,RENT,0.41,0.67,7661.31,15157.1
L0237,27-03-2023,B0237,NY,10516,6.7,36,Fully Paid,D,credit card,76754,OWN,0.42,0.63,11220.57,0
L0238,21-10-2022,B0238,NC,3396,9.7,36,Fully Paid,B,small business,140942,RENT,0.34,0.83,3725.41,0
L0239,01-07-2022,B0239,NC,19546,19.6,36,Current,E,credit card,58302,RENT,0.3,0.88,2381.36,0
L0240,09-12-2023,B0240,NY,20129,16,60,Current,C,debt consolidation,90815,RENT,0.12,0.89,2865.01,0
L0241,17-01-2021,B0241,NY,2591,7.6,36,Fully Paid,A,credit card,114748,RENT,0.22,0.64,2787.92,0
L0242,07-06-2021,B0242,IL,12303,22.6,60,Fully Paid,C,other,93344,OWN,0.14,0.88,15083.48,0
L0243,22-04-2022,B0243,TX,31561,12.9,36,Current,B,other,65618,RENT,0.49,0.52,12777.42,0
L0244,06-12-2023,B0244,PA,7183,21.6,36,In Grace Period,D,home improvement,141603,OWN,0.15,0.52,0,0
L0245,02-06-2022,B0245,OH,27572,20.8,36,Current,F,small business,106234,MORTGAGE,0.16,0.78,3453.07,0
L0246,09-04-2021,B0246,NC,35080,17.5,36,Fully Paid,B,small business,91114,RENT,0.46,0.53,41219,0
L0247,27-11-2023,B0247,PA,21695,14.9,60,Fully Paid,B,credit card,147652,RENT,0.48,0.65,24927.56,0
L0248,07-10-2021,B0248,NY,8314,24.6,60,Charged Off,A,small business,100130,RENT,0.41,0.8,902.38,4096.3
L0249,12-05-2022,B0249,IL,20623,7.9,60,Current,C,other,55525,OWN,0.1,0.65,6871.78,0
L0250,29-10-2021,B0250,FL,3139,19.5,36,Fully Paid,B,debt consolidation,109818,RENT,0.1,0.58,3751.1,0
L0251,30-06-2021,B0251,IL,32290,8.8,36,Fully Paid,B,credit card,144589,RENT,0.25,0.63,35131.52,0
L0252,30-08-2022,B0252,GA,19088,11.8,60,Current,A,small business,44334,MORTGAGE,0.16,0.71,9337.7,0
L0253,01-12-2022,B0253,GA,34130,11.2,60,Fully Paid,B,other,124715,OWN,0.11,0.71,37952.56,0
L0254,20-09-2023,B0254,PA,33088,23.9,36,Fully Paid,G,home improvement,92767,OWN,0.29,0.85,40996.03,0
L0255,10-07-2021,B0255,CA,27292,24.3,36,Fully Paid,B,small business,36644,MORTGAGE,0.48,0.84,33923.96,0
L0256,10-09-2021,B0256,GA,21670,8.7,60,Fully Paid,C,debt consolidation,131154,OWN,0.23,0.71,23555.29,0
L0257,08-09-2023,B0257,GA,4738,5.4,36,Fully Paid,D,debt consolidation,143237,RENT,0.36,0.88,4993.85,0
L0258,17-07-2023,B0258,TX,3469,19.4,36,Current,D,small business,62933,RENT,0.36,0.55,690.49,0
L0259,08-05-2021,B0259,FL,23534,13.4,60,Fully Paid,B,small business,73469,MORTGAGE,0.2,0.61,26687.56,0
L0260,18-01-2021,B0260,TX,10017,6.8,36,Fully Paid,C,other,63687,OWN,0.36,0.87,10698.16,0
L0261,20-07-2022,B0261,FL,3808,18.7,60,Fully Paid,E,small business,136609,OWN,0.18,0.67,4520.1,0
L0262,24-07-2022,B0262,MI,13713,15.9,36,Fully Paid,A,home improvement,82656,OWN,0.15,0.94,15893.37,0
L0263,17-11-2022,B0263,OH,3719,24.6,60,Fully Paid,B,other,47375,MORTGAGE,0.38,0.71,4633.87,0
L0264,18-09-2022,B0264,NC,23890,9.5,36,Fully Paid,A,credit card,144019,RENT,0.15,0.86,26159.55,0
L0265,04-05-2023,B0265,GA,12700,13.1,60,Current,B,home improvement,95206,MORTGAGE,0.5,0.68,1313.12,0
L0266,20-08-2023,B0266,NC,37509,15.9,60,Fully Paid,B,other,126462,RENT,0.17,0.69,43472.93,0
L0267,04-06-2021,B0267,GA,37766,20.8,60,Fully Paid,D,other,66607,MORTGAGE,0.34,0.67,45621.33,0
L0268,05-05-2022,B0268,TX,27705,16,60,Fully Paid,A,debt consolidation,113178,RENT,0.26,0.82,32137.8,0
L0269,24-02-2023,B0269,OH,19787,17.3,36,Fully Paid,C,other,53993,OWN,0.15,0.75,23210.15,0
L0270,03-09-2021,B0270,TX,27588,9.5,36,Charged Off,C,home improvement,74386,OWN,0.11,0.92,7479.55,6127.76
L0271,29-11-2023,B0271,TX,27123,21.9,60,Fully Paid,C,small business,76287,OWN,0.35,0.61,33062.94,0
L0272,29-01-2023,B0272,FL,34062,13.6,36,Charged Off,D,home improvement,116724,MORTGAGE,0.42,0.55,12667.87,12334.49
L0273,22-06-2022,B0273,CA,11177,7.8,36,Fully Paid,B,credit card,128132,MORTGAGE,0.44,0.68,12048.81,0
L0274,10-07-2023,B0274,IL,22727,18.3,36,Current,F,other,123308,MORTGAGE,0.29,0.78,9155.07,0
L0275,12-02-2022,B0275,PA,31220,9.3,36,Fully Paid,C,other,126393,OWN,0.41,0.89,34123.46,0
L0276,09-06-2022,B0276,NC,10882,7,36,Current,C,other,106312,RENT,0.37,0.66,3592.5,0
L0277,08-04-2023,B0277,MI,2136,22.2,60,Fully Paid,E,other,128371,OWN,0.39,0.79,2610.19,0
L0278,22-06-2023,B0278,GA,35832,14.2,60,Fully Paid,B,debt consolidation,105324,OWN,0.3,0.66,40920.14,0
L0279,05-02-2021,B0279,TX,32966,20,60,Current,A,debt consolidation,101196,RENT,0.35,0.78,6322.07,0
L0280,16-11-2022,B0280,CA,8009,10.8,60,Current,D,small business,100014,RENT,0.42,0.9,2353.41,0
L0281,20-01-2021,B0281,TX,13987,20.7,36,Fully Paid,C,other,38210,RENT,0.26,0.6,16882.31,0
L0282,17-11-2021,B0282,OH,38311,7.2,36,Fully Paid,F,credit card,40922,RENT,0.42,0.68,41069.39,0
L0283,27-05-2022,B0283,FL,32575,12.1,60,Fully Paid,G,small business,66289,OWN,0.34,0.95,36516.57,0
L0284,04-02-2022,B0284,MI,2007,24.6,36,Current,B,other,63340,MORTGAGE,0.17,0.89,182.76,0
L0285,16-10-2022,B0285,IL,6445,20.9,36,Fully Paid,B,debt consolidation,69850,OWN,0.11,0.75,7792,0
L0286,30-08-2023,B0286,OH,11706,14.9,60,Fully Paid,B,credit card,86984,RENT,0.25,0.73,13450.19,0
L0287,16-04-2022,B0287,NY,30257,11.8,36,Current,B,small business,133699,MORTGAGE,0.32,0.63,10757.13,0
L0288,14-04-2023,B0288,MI,22736,22.4,60,Charged Off,E,credit card,143711,MORTGAGE,0.44,0.73,7219.33,8265.96
L0289,28-12-2022,B0289,TX,14281,15.9,60,Current,D,other,114178,OWN,0.15,0.88,6915.78,0
L0290,04-05-2023,B0290,OH,2435,20.2,36,Current,C,home improvement,41094,OWN,0.42,0.81,407.08,0
L0291,20-02-2021,B0291,IL,34339,20.1,36,Current,A,credit card,117959,OWN,0.45,0.63,2002.15,0
L0292,29-07-2022,B0292,CA,36150,5.4,60,Fully Paid,B,credit card,63418,MORTGAGE,0.16,0.59,38102.1,0
L0293,30-05-2021,B0293,CA,26821,7.5,60,Fully Paid,B,debt consolidation,35741,MORTGAGE,0.44,0.62,28832.57,0
L0294,10-11-2021,B0294,NC,27660,18.2,36,Current,E,other,141585,MORTGAGE,0.5,0.58,8174.19,0
L0295,24-07-2022,B0295,IL,6084,8.2,60,Fully Paid,A,credit card,102374,RENT,0.39,0.54,6582.89,0
L0296,01-11-2021,B0296,CA,17661,10.1,60,Charged Off,E,other,147275,RENT,0.41,0.69,5510.89,3016.27
L0297,13-11-2022,B0297,OH,14507,23.9,60,Fully Paid,D,debt consolidation,98798,OWN,0.5,0.55,17974.17,0
L0298,18-04-2023,B0298,NC,8059,16.2,36,Fully Paid,D,other,146026,MORTGAGE,0.34,0.58,9364.56,0
L0299,14-12-2023,B0299,CA,19271,20,60,Charged Off,B,debt consolidation,100532,OWN,0.22,0.75,6496.68,2294.8
L0300,30-09-2023,B0300,MI,8491,16.2,36,Current,D,debt consolidation,140130,MORTGAGE,0.44,0.57,1164.82,0
L0301,20-03-2022,B0301,FL,15859,16.1,60,Fully Paid,C,small business,52164,OWN,0.35,0.53,18412.3,0
L0302,05-09-2022,B0302,NY,9073,6.9,36,Current,D,other,65595,RENT,0.33,0.64,1522.35,0
L0303,20-09-2023,B0303,IL,10077,11.9,60,Current,B,home improvement,60257,MORTGAGE,0.2,0.6,2828.27,0
L0304,21-09-2021,B0304,OH,21953,10.6,36,Fully Paid,C,small business,44211,RENT,0.4,0.73,24280.02,0
L0305,13-12-2023,B0305,GA,12383,12.8,36,Fully Paid,D,debt consolidation,125989,MORTGAGE,0.13,0.55,13968.02,0
L0306,01-10-2023,B0306,TX,3353,21,36,Current,A,home improvement,35232,OWN,0.47,0.84,666.48,0
L0307,05-01-2021,B0307,OH,24821,12.4,60,Charged Off,B,credit card,97753,MORTGAGE,0.23,0.91,8889.73,5061.28
L0308,13-02-2023,B0308,CA,38567,14,60,Fully Paid,G,credit card,82691,RENT,0.15,0.83,43966.38,0
L0309,27-05-2023,B0309,OH,25860,12.9,60,Charged Off,A,small business,119765,MORTGAGE,0.28,0.74,6261.43,5898.18
L0310,19-09-2023,B0310,GA,22195,6.9,36,Charged Off,B,home improvement,109768,OWN,0.12,0.89,7543.49,5682.73
L0311,03-06-2023,B0311,TX,12939,13.8,60,Fully Paid,B,other,55613,MORTGAGE,0.37,0.81,14724.58,0
L0312,16-02-2021,B0312,NC,26338,8.9,36,Current,D,home improvement,44026,RENT,0.46,0.5,8198.46,0
L0313,17-05-2023,B0313,CA,22730,8.7,60,Fully Paid,A,small business,83535,OWN,0.43,0.68,24707.51,0
L0314,03-04-2023,B0314,PA,22427,6.9,36,Fully Paid,C,other,124090,RENT,0.15,0.88,23974.46,0
L0315,25-07-2023,B0315,CA,36196,12.1,36,Current,A,other,60908,MORTGAGE,0.15,0.66,14402.05,0
L0316,18-10-2022,B0316,NY,28083,20.1,36,Charged Off,A,credit card,82113,RENT,0.43,0.52,5611.04,8802.11
L0317,26-09-2021,B0317,PA,22510,10.5,60,Current,D,home improvement,49610,MORTGAGE,0.47,0.84,9547.33,0
L0318,05-01-2022,B0318,NY,8813,11.2,60,Fully Paid,B,other,76646,OWN,0.28,0.86,9800.06,0
L0319,28-09-2022,B0319,GA,32598,17.9,60,Fully Paid,G,small business,135141,RENT,0.3,0.57,38433.04,0
L0320,19-10-2022,B0320,IL,28570,8.9,36,Fully Paid,A,credit card,93185,RENT,0.23,0.74,31112.73,0
L0321,30-04-2021,B0321,TX,28082,22.9,36,Fully Paid,B,other,102567,MORTGAGE,0.46,0.59,34512.78,0
L0322,11-04-2023,B0322,FL,30241,15.4,60,Fully Paid,A,home improvement,77574,RENT,0.36,0.82,34898.11,0
L0323,18-12-2023,B0323,NC,31678,14,60,Current,B,credit card,121051,RENT,0.22,0.62,5497.96,0
L0324,11-01-2023,B0324,FL,12745,16.2,60,Fully Paid,G,home improvement,132020,OWN,0.22,0.64,14809.69,0
L0325,27-04-2021,B0325,MI,27029,8.3,36,Current,F,home improvement,66182,MORTGAGE,0.46,0.88,7993.68,0
L0326,02-03-2023,B0326,MI,14025,17.3,36,Fully Paid,A,home improvement,146136,MORTGAGE,0.11,0.71,16451.32,0
L0327,10-10-2023,B0327,GA,37124,12.3,36,Current,C,credit card,30570,OWN,0.23,0.8,5431.36,0
L0328,18-12-2023,B0328,IL,15288,22.9,36,Fully Paid,D,other,127790,OWN,0.32,0.68,18788.95,0
L0329,26-09-2022,B0329,MI,24650,8.4,36,Fully Paid,A,debt consolidation,49288,MORTGAGE,0.16,0.63,26720.6,0
L0330,28-05-2022,B0330,CA,7540,15.1,60,Fully Paid,A,other,108824,OWN,0.14,0.78,8678.54,0
L0331,13-03-2023,B0331,OH,33232,17,36,Fully Paid,F,credit card,59877,OWN,0.43,0.57,38881.44,0
L0332,14-07-2022,B0332,NY,17422,5.7,36,Charged Off,G,debt consolidation,114425,OWN,0.46,0.67,4227.59,6267.26
L0333,03-05-2022,B0333,MI,4342,12.3,36,Fully Paid,G,debt consolidation,30917,MORTGAGE,0.43,0.59,4876.07,0
L0334,16-06-2023,B0334,GA,36612,19.7,36,Current,E,debt consolidation,105602,OWN,0.46,0.81,7072.66,0
L0335,05-12-2022,B0335,NY,11396,21.4,36,Late (31-120 days),D,small business,125040,RENT,0.32,0.92,0,0
L0336,04-08-2022,B0336,CA,18482,11.3,60,Current,B,credit card,94575,RENT,0.42,0.95,3142.25,0
L0337,01-03-2023,B0337,IL,24411,21,36,Fully Paid,A,small business,102518,MORTGAGE,0.25,0.7,29537.31,0
L0338,11-05-2023,B0338,TX,14261,24.4,36,Charged Off,A,debt consolidation,69104,OWN,0.37,0.61,5563.15,3087.26
L0339,04-09-2021,B0339,FL,4093,22.1,36,Fully Paid,D,small business,48062,RENT,0.5,0.7,4997.55,0
L0340,03-06-2021,B0340,CA,12722,7.4,60,Fully Paid,E,small business,46999,MORTGAGE,0.19,0.88,13663.43,0
L0341,24-09-2023,B0341,NC,23042,19.8,60,Charged Off,E,credit card,91845,RENT,0.26,0.59,3410.73,2992.03
L0342,28-11-2022,B0342,PA,29087,11.4,60,Current,F,home improvement,39941,OWN,0.29,0.93,11759.78,0
L0343,29-12-2023,B0343,GA,33347,24.8,36,Fully Paid,E,small business,91169,MORTGAGE,0.16,0.65,41617.06,0
L0344,07-12-2023,B0344,FL,34756,14.7,60,Fully Paid,G,small business,53470,RENT,0.13,0.94,39865.13,0
L0345,06-10-2023,B0345,NC,17335,7.4,36,Fully Paid,A,debt consolidation,140684,MORTGAGE,0.43,0.88,18617.79,0
L0346,04-04-2021,B0346,TX,29602,19.5,36,Fully Paid,D,debt consolidation,89821,RENT,0.49,0.86,35374.39,0
L0347,16-08-2023,B0347,NC,35450,11.5,60,Fully Paid,C,debt consolidation,116669,RENT,0.26,0.64,39526.75,0
L0348,09-10-2023,B0348,IL,33196,24.9,36,Late (31-120 days),B,other,148193,OWN,0.14,0.5,0,0
L0349,29-03-2022,B0349,PA,6626,24.6,36,Charged Off,G,small business,74435,OWN,0.13,0.67,2618.92,2120.33
L0350,01-07-2023,B0350,NY,8424,18.1,36,Charged Off,F,debt consolidation,34529,RENT,0.46,0.64,892.7,1919.6
L0351,06-08-2021,B0351,FL,13857,7.6,60,Fully Paid,A,credit card,113055,MORTGAGE,0.29,0.52,14910.13,0
L0352,19-04-2022,B0352,PA,20982,18.7,36,Current,A,other,42192,MORTGAGE,0.23,0.73,7649.25,0
L0353,08-03-2022,B0353,OH,12425,6.9,36,Charged Off,D,home improvement,104102,OWN,0.29,0.68,2185.23,5996.91
L0354,07-12-2021,B0354,CA,2980,5.6,60,Charged Off,C,small business,102762,RENT,0.23,0.79,334.2,420.5
L0355,05-07-2022,B0355,OH,27431,21.5,36,Fully Paid,F,small business,133466,OWN,0.3,0.78,33328.66,0
L0356,23-12-2021,B0356,CA,20440,9.2,36,Fully Paid,A,credit card,144894,RENT,0.44,0.55,22320.48,0
L0357,23-01-2021,B0357,IL,18175,12.6,60,Fully Paid,A,home improvement,116795,RENT,0.34,0.94,20465.05,0
L0358,06-06-2022,B0358,PA,27385,24.5,36,Current,B,home improvement,64087,OWN,0.38,0.58,6334.16,0
L0359,13-03-2023,B0359,TX,39158,11.7,36,Current,A,other,96677,MORTGAGE,0.25,0.7,18437.47,0
L0360,01-02-2023,B0360,MI,24019,10.9,36,Current,A,small business,34627,OWN,0.4,0.72,1328.11,0
L0361,18-03-2022,B0361,NC,19639,23.4,36,Fully Paid,F,debt consolidation,86541,RENT,0.37,0.87,24234.53,0
L0362,08-02-2023,B0362,MI,20994,7.2,36,Fully Paid,B,credit card,142805,OWN,0.15,0.54,22505.57,0
L0363,13-10-2023,B0363,PA,35375,20.2,60,Fully Paid,B,credit card,98226,MORTGAGE,0.33,0.69,42520.75,0
L0364,31-05-2022,B0364,OH,22563,24.8,60,Fully Paid,A,credit card,135627,MORTGAGE,0.2,0.78,28158.62,0
L0365,06-11-2023,B0365,MI,6776,23,60,Fully Paid,B,credit card,33255,RENT,0.42,0.6,8334.48,0
L0366,03-03-2023,B0366,GA,37444,18,60,Current,E,debt consolidation,87433,OWN,0.27,0.78,11777.96,0
L0367,02-12-2021,B0367,MI,4380,11.3,36,Fully Paid,C,debt consolidation,35213,MORTGAGE,0.5,0.92,4874.94,0
L0368,15-09-2021,B0368,CA,9711,10.1,36,Current,D,other,132412,OWN,0.14,0.95,2676.63,0
L0369,12-05-2022,B0369,GA,9782,21.4,36,Fully Paid,B,small business,49404,MORTGAGE,0.41,0.51,11875.35,0
L0370,15-06-2023,B0370,FL,18434,22.6,36,Fully Paid,B,debt consolidation,146545,RENT,0.37,0.61,22600.08,0
L0371,09-06-2021,B0371,MI,21017,15.5,36,Fully Paid,C,other,55380,RENT,0.41,0.64,24274.64,0
L0372,02-05-2023,B0372,GA,31707,9.9,60,Charged Off,B,home improvement,121056,OWN,0.22,0.68,11478.42,11714.89
L0373,21-11-2022,B0373,PA,18343,7.3,60,Fully Paid,E,small business,49173,RENT,0.3,0.61,19682.04,0
L0374,15-01-2022,B0374,NC,39827,6.7,36,Current,B,debt consolidation,83027,MORTGAGE,0.42,0.59,3496.84,0
L0375,15-08-2023,B0375,FL,6655,19.4,36,Fully Paid,D,home improvement,53989,RENT,0.19,0.93,7946.07,0
L0376,22-11-2022,B0376,TX,16251,13.4,36,Charged Off,A,other,138106,MORTGAGE,0.19,0.91,4947.74,1644.69
L0377,03-12-2023,B0377,TX,1526,23.1,60,Current,D,debt consolidation,54519,MORTGAGE,0.32,0.52,543.33,0
L0378,12-10-2021,B0378,IL,4224,19.8,36,Fully Paid,F,debt consolidation,52439,RENT,0.31,0.65,5060.35,0
L0379,01-02-2022,B0379,MI,12536,8.8,36,Current,C,home improvement,148570,MORTGAGE,0.21,0.68,4401.21,0
L0380,12-01-2021,B0380,NC,29541,17.3,36,Fully Paid,C,debt consolidation,106949,MORTGAGE,0.22,0.61,34651.59,0
L0381,14-05-2022,B0381,NY,14547,13.7,60,Charged Off,G,credit card,44995,OWN,0.21,0.78,5567.14,1935.32
L0382,24-01-2023,B0382,GA,35531,16.5,36,Fully Paid,C,debt consolidation,53559,OWN,0.41,0.79,41393.62,0
L0383,04-02-2021,B0383,FL,9712,19.8,60,Fully Paid,B,small business,140887,OWN,0.36,0.88,11634.98,0
L0384,28-12-2022,B0384,PA,39565,21.1,60,Current,B,home improvement,119049,RENT,0.43,0.83,16632.71,0
L0385,29-04-2023,B0385,MI,10208,21.9,60,Current,D,small business,35021,OWN,0.49,0.74,703.21,0
L0386,31-03-2021,B0386,PA,6109,10.1,60,Fully Paid,D,other,128000,MORTGAGE,0.29,0.79,6726.01,0
L0387,15-02-2023,B0387,NY,36201,5.6,60,Current,B,small business,51119,RENT,0.13,0.62,9484.2,0
L0388,28-08-2022,B0388,IL,17967,19.8,60,Fully Paid,B,credit card,81539,RENT,0.12,0.77,21524.47,0
L0389,28-08-2023,B0389,NY,30759,7.1,36,Fully Paid,G,credit card,124835,RENT,0.22,0.72,32942.89,0
L0390,19-10-2023,B0390,CA,21172,11.3,36,Current,A,small business,69350,RENT,0.47,0.56,4850.06,0
L0391,22-02-2022,B0391,OH,37935,5.1,36,Fully Paid,B,other,76223,MORTGAGE,0.31,0.61,39869.68,0
L0392,25-04-2021,B0392,FL,27589,18.6,60,Fully Paid,A,debt consolidation,55517,MORTGAGE,0.21,0.63,32720.55,0
L0393,09-09-2022,B0393,OH,31015,8.3,36,Current,E,credit card,108653,OWN,0.26,0.92,5879.4,0
L0394,06-04-2023,B0394,NY,30009,18.1,60,Fully Paid,A,small business,52250,RENT,0.34,0.6,35440.63,0
L0395,17-02-2022,B0395,IL,18773,24.8,60,Current,D,small business,114486,OWN,0.36,0.63,4751.47,0
L0396,30-12-2022,B0396,IL,27143,6.5,60,Fully Paid,A,small business,112895,MORTGAGE,0.16,0.67,28907.3,0
L0397,18-10-2023,B0397,TX,7154,6.5,36,Fully Paid,D,debt consolidation,119132,RENT,0.49,0.8,7619.01,0
L0398,31-01-2023,B0398,MI,22804,11.8,60,Fully Paid,E,home improvement,121066,MORTGAGE,0.32,0.55,25494.87,0
L0399,07-11-2022,B0399,TX,21581,22.3,60,Current,B,other,96798,OWN,0.15,0.93,4810.13,0
L0400,02-04-2022,B0400,FL,31087,9.3,36,Current,C,home improvement,84199,MORTGAGE,0.46,0.89,7602.33,0
L0401,09-07-2023,B0401,FL,33981,12.2,36,Fully Paid,B,other,89546,RENT,0.13,0.76,38126.68,0
L0402,11-07-2021,B0402,FL,4762,6.4,60,Fully Paid,B,other,135686,RENT,0.46,0.8,5066.77,0
L0403,09-01-2023,B0403,PA,10768,20.3,60,Charged Off,E,small business,118151,OWN,0.5,0.51,4240.21,804.81
L0404,05-09-2023,B0404,TX,39559,13.2,36,Fully Paid,B,credit card,33327,RENT,0.38,0.65,44780.79,0
L0405,06-10-2023,B0405,PA,9783,20.2,36,Charged Off,D,small business,59768,MORTGAGE,0.41,0.86,1238.43,3866.9
L0406,06-04-2021,B0406,OH,30781,23.1,36,Fully Paid,A,debt consolidation,94418,MORTGAGE,0.23,0.53,37891.41,0
L0407,25-10-2022,B0407,MI,31811,9.7,60,Current,A,other,124386,MORTGAGE,0.48,0.63,14792.24,0
L0408,06-02-2021,B0408,NY,36488,21.1,36,Fully Paid,B,credit card,146947,MORTGAGE,0.31,0.76,44186.97,0
L0409,06-10-2021,B0409,GA,9905,6.2,36,Charged Off,C,other,72788,OWN,0.39,0.62,2417.52,3932.05
L0410,05-08-2021,B0410,TX,10127,23,36,Current,C,other,145945,MORTGAGE,0.47,0.92,3348.84,0
L0411,17-05-2023,B0411,GA,23431,18,60,Fully Paid,D,small business,112384,OWN,0.49,0.56,27648.58,0
L0412,23-05-2023,B0412,IL,7368,22.5,36,Fully Paid,A,credit card,76830,MORTGAGE,0.43,0.86,9025.8,0
L0413,03-03-2021,B0413,TX,28424,5,36,Current,A,credit card,82446,OWN,0.22,0.73,12039.9,0
L0414,19-08-2022,B0414,OH,19333,8.4,36,Current,D,other,135078,MORTGAGE,0.49,0.84,4102.62,0
L0415,30-12-2022,B0415,TX,24116,12.8,36,Fully Paid,E,credit card,45160,MORTGAGE,0.35,0.64,27202.85,0
L0416,01-02-2022,B0416,PA,16525,12.6,36,Fully Paid,A,credit card,86583,OWN,0.47,0.73,18607.15,0
L0417,30-11-2022,B0417,MI,24398,9.5,60,Current,C,small business,63998,RENT,0.37,0.89,5945.55,0
L0418,09-11-2023,B0418,NY,33857,12.6,60,Fully Paid,B,home improvement,57230,RENT,0.22,0.71,38122.98,0
L0419,26-06-2021,B0419,NC,11361,7.6,60,Current,E,debt consolidation,39076,RENT,0.25,0.66,2661.69,0
L0420,31-01-2022,B0420,NY,17369,13.3,36,Fully Paid,E,home improvement,99341,OWN,0.32,0.74,19679.08,0
L0421,21-03-2022,B0421,NY,4041,21,60,Charged Off,E,credit card,61085,RENT,0.42,0.82,858.39,1009
L0422,17-03-2021,B0422,IL,1105,14.6,60,Charged Off,D,other,85571,RENT,0.23,0.7,417.31,388.04
L0423,22-09-2021,B0423,OH,10078,5.4,60,In Grace Period,B,debt consolidation,44715,OWN,0.33,0.92,0,0
L0424,31-03-2022,B0424,GA,26003,13.4,36,Fully Paid,E,debt consolidation,35750,RENT,0.24,0.63,29487.4,0
L0425,19-12-2022,B0425,OH,7090,5.5,36,Charged Off,C,other,143931,RENT,0.43,0.71,2472.13,1824.75
L0426,05-01-2023,B0426,NC,39850,24.3,60,Fully Paid,A,debt consolidation,108768,RENT,0.29,0.84,49533.55,0
L0427,01-05-2023,B0427,IL,2925,7.5,60,Current,C,other,148544,OWN,0.13,0.81,289.72,0
L0428,24-05-2021,B0428,MI,19440,19.2,36,Fully Paid,F,debt consolidation,65903,OWN,0.17,0.89,23172.48,0
L0429,04-06-2023,B0429,NY,27015,24.5,36,Fully Paid,F,home improvement,102489,RENT,0.12,0.95,33633.68,0
L0430,29-12-2023,B0430,PA,34320,21.5,60,Charged Off,A,debt consolidation,62093,RENT,0.3,0.69,4545.24,12356.63
L0431,31-01-2022,B0431,IL,26291,19,36,Fully Paid,D,small business,121036,OWN,0.14,0.55,31286.29,0
L0432,15-11-2023,B0432,FL,37679,21.8,60,Current,E,other,117954,RENT,0.15,0.51,9138.71,0
L0433,06-08-2023,B0433,TX,27289,24.6,36,Current,B,debt consolidation,149277,OWN,0.48,0.83,2575.97,0
L0434,10-06-2023,B0434,OH,4389,17.4,60,Current,C,other,64314,RENT,0.45,0.89,1442.19,0
L0435,23-07-2022,B0435,IL,26683,16.2,60,Fully Paid,D,small business,78225,OWN,0.28,0.6,31005.65,0
L0436,29-11-2023,B0436,FL,14629,17.6,36,Fully Paid,B,debt consolidation,117985,MORTGAGE,0.49,0.57,17203.7,0
L0437,19-04-2021,B0437,GA,25826,15.7,60,Current,A,debt consolidation,113014,MORTGAGE,0.1,0.53,2961.24,0
L0438,02-12-2023,B0438,NC,36198,17.7,60,Fully Paid,D,small business,65179,OWN,0.35,0.87,42605.05,0
L0439,24-07-2023,B0439,NC,27630,14,60,Fully Paid,F,small business,147305,MORTGAGE,0.35,0.64,31498.2,0
L0440,02-02-2022,B0440,NY,34226,9.4,36,Fully Paid,D,small business,142417,RENT,0.28,0.68,37443.24,0
L0441,26-09-2022,B0441,NY,33975,7.4,36,Fully Paid,D,other,55338,OWN,0.26,0.73,36489.15,0
L0442,03-01-2023,B0442,IL,1899,6.4,36,Charged Off,B,small business,122435,OWN,0.28,0.88,487.5,737.8
L0443,23-08-2021,B0443,IL,12653,10.3,60,Fully Paid,A,other,99681,RENT,0.27,0.79,13956.26,0
L0444,20-10-2022,B0444,MI,28961,5.9,36,Current,D,home improvement,62101,RENT,0.39,0.78,1542.14,0
L0445,21-01-2023,B0445,TX,17405,16.3,60,Fully Paid,B,debt consolidation,32775,OWN,0.15,0.58,20242.02,0
L0446,11-08-2022,B0446,CA,9601,10.7,60,Fully Paid,E,debt consolidation,141497,RENT,0.18,0.73,10628.31,0
L0447,30-10-2023,B0447,GA,34662,21.5,36,Fully Paid,A,credit card,127183,OWN,0.17,0.82,42114.33,0
L0448,12-08-2023,B0448,NY,34282,6.5,36,Fully Paid,B,home improvement,75619,RENT,0.2,0.94,36510.33,0
L0449,07-05-2022,B0449,CA,22288,9.5,60,Fully Paid,B,small business,75838,OWN,0.31,0.59,24405.36,0
L0450,02-07-2023,B0450,CA,30545,19.6,60,Current,F,small business,49539,RENT,0.14,0.5,5878.95,0
L0451,19-06-2021,B0451,TX,37877,17,36,Fully Paid,A,home improvement,132274,RENT,0.45,0.53,44316.09,0
L0452,04-08-2023,B0452,PA,16313,6.3,36,Fully Paid,A,small business,87124,MORTGAGE,0.22,0.67,17340.72,0
L0453,06-03-2023,B0453,PA,16349,22.5,36,Fully Paid,A,credit card,95149,MORTGAGE,0.17,0.87,20027.53,0
L0454,26-09-2022,B0454,NY,8179,22.5,60,Fully Paid,E,other,56616,MORTGAGE,0.37,0.5,10019.28,0
L0455,29-01-2021,B0455,FL,11326,11.6,60,Charged Off,A,debt consolidation,109655,RENT,0.12,0.71,3433.56,1960.48
L0456,05-12-2021,B0456,TX,2560,11.8,60,Fully Paid,A,home improvement,120695,OWN,0.35,0.65,2862.08,0
L0457,15-05-2022,B0457,TX,14612,24.8,60,Fully Paid,A,debt consolidation,84567,RENT,0.38,0.52,18235.78,0
L0458,26-05-2022,B0458,OH,18650,17.5,60,Fully Paid,D,other,67099,MORTGAGE,0.19,0.7,21913.75,0
L0459,05-08-2021,B0459,CA,27745,15.6,36,Late (31-120 days),A,home improvement,105831,RENT,0.12,0.61,0,0
L0460,30-12-2023,B0460,OH,32890,21.8,36,Fully Paid,B,other,130246,MORTGAGE,0.25,0.66,40060.02,0
L0461,21-03-2022,B0461,CA,21022,10.7,60,Current,B,small business,91799,MORTGAGE,0.14,0.82,5630.06,0
L0462,26-05-2023,B0462,PA,5780,13.6,60,Fully Paid,C,small business,120221,OWN,0.15,0.73,6566.08,0
L0463,16-06-2021,B0463,NY,19311,10.4,36,Charged Off,D,small business,144879,OWN,0.2,0.56,7598.51,3245.92
L0464,01-04-2021,B0464,GA,29380,20.8,36,Charged Off,C,other,55479,MORTGAGE,0.22,0.93,10642.35,10361.47
L0465,15-12-2022,B0465,PA,3356,16.5,36,Current,F,other,76172,MORTGAGE,0.31,0.79,710.07,0
L0466,08-02-2021,B0466,TX,5790,18.2,36,Fully Paid,F,other,129165,RENT,0.37,0.84,6843.78,0
L0467,22-06-2021,B0467,GA,27911,10,60,Fully Paid,B,debt consolidation,85863,MORTGAGE,0.34,0.54,30702.1,0
L0468,15-10-2022,B0468,IL,25363,9.4,36,Fully Paid,D,other,72043,RENT,0.16,0.52,27747.12,0
L0469,24-01-2023,B0469,GA,21049,14.8,60,Fully Paid,D,small business,112569,MORTGAGE,0.17,0.51,24164.25,0
L0470,18-12-2023,B0470,GA,11181,19.8,36,Fully Paid,F,credit card,132438,OWN,0.45,0.58,13394.84,0
L0471,21-04-2022,B0471,PA,17082,15.5,36,Fully Paid,B,other,140107,OWN,0.32,0.69,19729.71,0
L0472,01-04-2022,B0472,TX,1661,5.7,36,Current,C,credit card,45408,MORTGAGE,0.45,0.92,117.05,0
L0473,09-04-2023,B0473,GA,38412,22.4,60,Fully Paid,B,small business,87980,RENT,0.25,0.71,47016.29,0
L0474,14-06-2023,B0474,PA,3920,6.3,60,Fully Paid,E,other,112956,RENT,0.35,0.63,4166.96,0
L0475,22-10-2023,B0475,PA,26658,24.1,36,Fully Paid,A,debt consolidation,46351,RENT,0.31,0.75,33082.58,0
L0476,22-01-2022,B0476,GA,15025,5.5,60,In Grace Period,A,debt consolidation,34131,MORTGAGE,0.23,0.55,0,0
L0477,14-12-2021,B0477,CA,9946,18.9,60,Fully Paid,B,credit card,146836,MORTGAGE,0.29,0.77,11825.79,0
L0478,09-07-2021,B0478,TX,29706,6.6,36,Current,A,debt consolidation,74825,OWN,0.3,0.76,12789.38,0
L0479,20-05-2022,B0479,NC,17309,23.2,36,Fully Paid,C,debt consolidation,41349,OWN,0.18,0.86,21324.69,0
L0480,04-04-2023,B0480,GA,34120,14.3,60,Fully Paid,A,debt consolidation,90931,MORTGAGE,0.23,0.94,38999.16,0
L0481,18-07-2023,B0481,OH,31027,7.8,60,Fully Paid,B,small business,74254,OWN,0.42,0.61,33447.11,0
L0482,23-07-2023,B0482,OH,8005,11.8,60,Fully Paid,F,debt consolidation,68225,RENT,0.47,0.73,8949.59,0
L0483,14-05-2021,B0483,IL,1956,8.3,36,Current,B,home improvement,134383,RENT,0.24,0.91,899.87,0
L0484,27-02-2021,B0484,TX,35839,8.4,36,Current,D,other,42453,MORTGAGE,0.22,0.85,15026.66,0
L0485,16-11-2022,B0485,PA,9595,24,60,Fully Paid,A,debt consolidation,48814,RENT,0.18,0.72,11897.8,0
L0486,03-11-2022,B0486,MI,13803,13.9,36,Late (31-120 days),A,debt consolidation,48263,MORTGAGE,0.37,0.93,0,0
L0487,22-06-2021,B0487,NY,26963,20.8,36,Fully Paid,E,debt consolidation,107694,RENT,0.23,0.53,32571.3,0
L0488,26-03-2023,B0488,FL,37221,17.8,60,In Grace Period,D,home improvement,45735,MORTGAGE,0.5,0.92,0,0
L0489,21-03-2021,B0489,MI,34723,18.5,60,In Grace Period,B,debt consolidation,45830,RENT,0.23,0.52,0,0
L0490,05-06-2023,B0490,TX,16282,7.6,36,Fully Paid,F,debt consolidation,77893,RENT,0.26,0.75,17519.43,0
L0491,22-07-2021,B0491,TX,5703,9.7,36,Fully Paid,F,other,74673,OWN,0.34,0.9,6256.19,0
L0492,03-02-2023,B0492,GA,7563,20.7,60,Fully Paid,G,home improvement,119462,OWN,0.42,0.62,9128.54,0
L0493,16-02-2021,B0493,GA,26849,24.4,36,Current,B,home improvement,75066,OWN,0.29,0.71,2888.35,0
L0494,18-10-2022,B0494,MI,32860,10.3,36,Fully Paid,A,debt consolidation,130315,OWN,0.27,0.65,36244.58,0
L0495,16-04-2022,B0495,PA,32585,10.4,60,Late (31-120 days),C,home improvement,33373,OWN,0.5,0.93,0,0
L0496,29-08-2023,B0496,IL,23015,14.5,60,Current,D,credit card,40335,OWN,0.1,0.87,11485.91,0
L0497,02-11-2023,B0497,GA,13003,24.7,36,Fully Paid,A,home improvement,53741,MORTGAGE,0.46,0.82,16214.74,0
L0498,06-01-2023,B0498,FL,27958,10.4,36,Fully Paid,E,home improvement,40692,MORTGAGE,0.16,0.76,30865.63,0
L0499,23-02-2023,B0499,FL,27017,13.1,36,Current,A,home improvement,77295,OWN,0.41,0.87,4494.63,0
L0500,26-08-2023,B0500,IL,12171,22.8,60,Fully Paid,C,small business,75541,MORTGAGE,0.35,0.68,14945.99,0
L0501,24-12-2021,B0501,CA,13201,5.1,36,Current,B,small business,64057,OWN,0.24,0.7,4962.15,0
L0502,30-08-2023,B0502,CA,30426,5.8,36,Fully Paid,D,small business,96983,MORTGAGE,0.45,0.83,32190.71,0
L0503,30-10-2022,B0503,TX,18778,17.1,60,Fully Paid,B,home improvement,49583,RENT,0.11,0.66,21989.04,0
L0504,08-01-2022,B0504,GA,22116,23.1,60,Fully Paid,E,credit card,52765,MORTGAGE,0.19,0.53,27224.8,0
L0505,29-10-2023,B0505,OH,34297,9.8,36,Current,C,home improvement,89287,MORTGAGE,0.33,0.53,15729.14,0
L0506,07-11-2022,B0506,MI,20342,14.4,60,Fully Paid,E,debt consolidation,53906,MORTGAGE,0.24,0.55,23271.25,0
L0507,31-03-2021,B0507,NC,28490,14,60,Current,G,credit card,115103,RENT,0.34,0.89,4446.13,0
L0508,29-11-2022,B0508,IL,20975,14.5,36,Fully Paid,D,small business,109675,OWN,0.11,0.71,24016.38,0
L0509,24-06-2022,B0509,TX,27723,17.5,60,Current,G,other,76525,MORTGAGE,0.15,0.82,12716.99,0
L0510,02-01-2023,B0510,OH,24279,14.4,60,Current,A,credit card,68230,MORTGAGE,0.15,0.68,4595.21,0
L0511,19-05-2023,B0511,GA,13765,13.9,36,Fully Paid,B,small business,147904,RENT,0.18,0.62,15678.34,0
L0512,10-02-2021,B0512,OH,12561,14.5,60,Current,A,credit card,49520,OWN,0.28,0.66,6147.18,0
L0513,10-01-2023,B0513,OH,1525,16.8,36,Fully Paid,B,credit card,115238,MORTGAGE,0.4,0.86,1781.2,0
L0514,17-05-2022,B0514,IL,23861,15.7,36,Fully Paid,E,home improvement,81934,RENT,0.46,0.78,27607.18,0
L0515,17-08-2023,B0515,TX,34142,22.1,60,Fully Paid,A,debt consolidation,55566,OWN,0.43,0.92,41687.38,0
L0516,18-07-2023,B0516,PA,27916,6,60,Current,C,other,103193,OWN,0.18,0.81,4929.04,0
L0517,06-04-2022,B0517,FL,5648,21.7,60,Charged Off,C,small business,133224,MORTGAGE,0.28,0.76,2180.3,1908.91
L0518,02-01-2023,B0518,MI,36133,21.9,36,Current,C,credit card,60134,MORTGAGE,0.18,0.77,2677.28,0
L0519,22-01-2023,B0519,TX,31523,10.7,60,Fully Paid,C,other,40345,MORTGAGE,0.21,0.92,34895.96,0
L0520,14-07-2023,B0520,NC,30052,14.3,36,Current,E,credit card,71185,MORTGAGE,0.3,0.85,11094.37,0
L0521,28-06-2023,B0521,OH,35414,13.8,60,Fully Paid,A,debt consolidation,145464,RENT,0.13,0.51,40301.13,0
L0522,25-01-2022,B0522,PA,33781,9.4,60,Charged Off,B,other,122949,RENT,0.19,0.74,8770.67,14712.11
L0523,02-06-2023,B0523,IL,5599,12.9,60,Fully Paid,C,small business,100744,MORTGAGE,0.47,0.81,6321.27,0
L0524,13-09-2021,B0524,NY,36046,5.9,36,Late (31-120 days),D,credit card,63455,OWN,0.29,0.84,0,0
L0525,10-12-2022,B0525,MI,36923,10.6,60,Current,B,debt consolidation,145217,MORTGAGE,0.28,0.6,9786.24,0
L0526,26-03-2022,B0526,MI,4814,21.3,60,Current,E,other,58018,OWN,0.11,0.89,724.86,0
L0527,10-01-2021,B0527,FL,36984,10.7,36,Current,B,credit card,84219,OWN,0.2,0.93,13592.29,0
L0528,04-04-2023,B0528,NY,27616,21.4,36,Fully Paid,B,credit card,75991,OWN,0.45,0.61,33525.82,0
L0529,09-03-2023,B0529,GA,3113,15.6,60,Current,A,small business,103616,RENT,0.17,0.9,422.95,0
L0530,27-05-2023,B0530,NY,14760,22.6,60,Fully Paid,C,debt consolidation,117438,OWN,0.27,0.54,18095.76,0
L0531,26-10-2023,B0531,OH,22927,16.5,60,Current,D,home improvement,146841,OWN,0.11,0.53,6850.1,0
L0532,13-10-2023,B0532,OH,21939,5.6,36,Current,A,credit card,39486,RENT,0.29,0.56,3597.13,0
L0533,09-01-2022,B0533,OH,33419,18.5,36,Charged Off,B,other,68862,OWN,0.11,0.53,12922.67,11291.82
L0534,25-12-2023,B0534,OH,13588,5.9,36,Fully Paid,E,small business,88870,OWN,0.43,0.88,14389.69,0
L0535,26-05-2021,B0535,TX,37142,14,36,Fully Paid,B,small business,116694,MORTGAGE,0.43,0.53,42341.88,0
L0536,12-08-2021,B0536,MI,34397,23.6,60,Fully Paid,A,credit card,135996,OWN,0.42,0.62,42514.69,0
L0537,26-06-2021,B0537,NY,17653,8.3,36,Current,D,credit card,73856,OWN,0.21,0.55,1110.09,0
L0538,03-05-2023,B0538,MI,11831,12.8,36,Fully Paid,A,credit card,131407,OWN,0.43,0.63,13345.37,0
L0539,04-03-2021,B0539,NC,6724,19.6,36,Fully Paid,F,home improvement,130744,OWN,0.32,0.54,8041.9,0
L0540,07-04-2023,B0540,NY,12083,22.6,60,Current,A,credit card,116055,OWN,0.25,0.8,1690.14,0
L0541,06-03-2023,B0541,TX,20816,18.4,60,Current,D,debt consolidation,61379,RENT,0.35,0.56,3310.57,0
L0542,20-11-2022,B0542,NC,7276,10.2,36,Fully Paid,C,other,94729,OWN,0.1,0.88,8018.15,0
L0543,15-04-2021,B0543,MI,39663,18.5,36,Fully Paid,E,credit card,58378,OWN,0.16,0.87,47000.66,0
L0544,26-05-2022,B0544,NC,14994,10.9,60,Current,A,home improvement,135428,RENT,0.4,0.51,3543.54,0
L0545,20-01-2022,B0545,FL,24499,19.4,60,Fully Paid,D,other,84353,RENT,0.2,0.9,29251.81,0
L0546,09-02-2022,B0546,NC,24040,24.1,60,Current,C,small business,79996,OWN,0.34,0.51,3719.68,0
L0547,03-04-2023,B0547,NY,17959,19.4,60,Fully Paid,C,credit card,44031,OWN,0.25,0.61,21443.05,0
L0548,02-06-2022,B0548,OH,7099,22.3,60,Charged Off,C,other,110072,OWN,0.44,0.51,1756.33,874.52
L0549,21-04-2022,B0549,OH,20576,5,60,Fully Paid,D,small business,95982,MORTGAGE,0.48,0.65,21604.8,0
L0550,10-12-2022,B0550,GA,36946,19.4,60,Fully Paid,F,home improvement,66683,MORTGAGE,0.45,0.73,44113.52,0
L0551,10-02-2023,B0551,MI,7116,21.6,60,Current,A,debt consolidation,144091,OWN,0.21,0.86,3149.61,0
L0552,13-11-2023,B0552,FL,16563,5.8,36,Current,A,credit card,147797,RENT,0.18,0.65,6135.41,0
L0553,24-09-2023,B0553,NY,27788,22.4,36,Fully Paid,E,debt consolidation,47618,OWN,0.29,0.82,34012.51,0
L0554,08-11-2022,B0554,NY,27928,10.1,36,Current,A,home improvement,36587,RENT,0.1,0.58,8685.13,0
L0555,15-12-2022,B0555,IL,37336,18.3,36,Fully Paid,G,other,92790,RENT,0.11,0.84,44168.49,0
L0556,24-03-2021,B0556,CA,10847,21,36,Charged Off,C,other,61480,RENT,0.32,0.61,1374.33,4848.7
L0557,02-04-2022,B0557,MI,27155,18.3,36,Current,D,home improvement,128530,OWN,0.31,0.56,9838.16,0
L0558,01-01-2021,B0558,NY,15135,6.8,60,Fully Paid,A,home improvement,50527,OWN,0.5,0.58,16164.18,0
L0559,20-02-2021,B0559,PA,18774,16.9,60,Current,A,credit card,53569,RENT,0.18,0.58,2344.62,0
L0560,16-11-2022,B0560,NY,2742,16,36,Fully Paid,D,small business,41151,MORTGAGE,0.2,0.73,3180.72,0
L0561,18-12-2022,B0561,IL,19309,23,36,Fully Paid,F,debt consolidation,101094,MORTGAGE,0.15,0.88,23750.07,0
L0562,25-03-2022,B0562,NC,1619,13.1,60,Late (31-120 days),G,debt consolidation,89174,MORTGAGE,0.47,0.54,0,0
L0563,31-05-2023,B0563,TX,18658,11.4,60,Current,A,other,74739,RENT,0.41,0.82,7535.32,0
L0564,03-05-2022,B0564,TX,35707,20,60,Fully Paid,A,other,62954,OWN,0.43,0.79,42848.4,0
L0565,03-02-2021,B0565,PA,21337,13.3,36,Fully Paid,A,credit card,142984,RENT,0.46,0.89,24174.82,0
L0566,05-04-2021,B0566,PA,17001,17.9,60,Fully Paid,E,home improvement,142863,MORTGAGE,0.31,0.61,20044.18,0
L0567,03-06-2021,B0567,GA,1968,17.9,36,Late (31-120 days),B,debt consolidation,139373,OWN,0.28,0.7,0,0
L0568,07-09-2021,B0568,TX,26892,22.8,36,Fully Paid,A,credit card,65303,RENT,0.23,0.92,33023.38,0
L0569,05-11-2022,B0569,NC,26619,17,60,Fully Paid,A,other,64700,RENT,0.34,0.8,31144.23,0
L0570,14-03-2022,B0570,TX,1281,15,60,Fully Paid,B,other,123036,MORTGAGE,0.28,0.67,1473.15,0
L0571,28-04-2021,B0571,CA,28420,7.8,36,Fully Paid,G,debt consolidation,97568,RENT,0.28,0.56,30636.76,0
L0572,10-02-2023,B0572,MI,16360,7.3,60,Fully Paid,C,other,96788,OWN,0.47,0.62,17554.28,0
L0573,25-09-2021,B0573,TX,2058,8.1,60,Fully Paid,A,other,101045,MORTGAGE,0.49,0.76,2224.7,0
L0574,14-12-2023,B0574,OH,21677,8.4,36,Fully Paid,B,small business,67842,MORTGAGE,0.42,0.82,23497.87,0
L0575,24-08-2021,B0575,GA,11724,17.8,60,Fully Paid,B,home improvement,43900,OWN,0.4,0.56,13810.87,0
L0576,24-01-2022,B0576,IL,29404,19.8,36,Charged Off,A,other,110059,MORTGAGE,0.37,0.77,5146.2,7396.67
L0577,17-09-2023,B0577,PA,38946,15.6,36,Fully Paid,A,small business,31881,RENT,0.17,0.75,45021.58,0
L0578,02-02-2023,B0578,CA,30856,21.6,60,Current,D,credit card,63037,RENT,0.12,0.73,7333.61,0
L0579,05-02-2022,B0579,PA,10200,24.8,36,Current,A,other,31630,MORTGAGE,0.38,0.81,2118.66,0
L0580,16-09-2022,B0580,GA,34997,21.4,36,Current,A,credit card,50789,OWN,0.39,0.88,15275.01,0
L0581,06-02-2023,B0581,NY,26611,18.9,60,Charged Off,B,other,118059,RENT,0.12,0.65,3671.34,13658.29
L0582,08-07-2023,B0582,CA,36057,15.6,60,Fully Paid,D,debt consolidation,113494,OWN,0.47,0.9,41681.89,0
L0583,03-05-2023,B0583,FL,2239,14,60,Fully Paid,C,small business,76151,RENT,0.14,0.57,2552.46,0
L0584,01-08-2022,B0584,CA,39138,6.7,36,Fully Paid,D,small business,78920,RENT,0.21,0.58,41760.25,0
L0585,16-03-2021,B0585,GA,1125,13,36,Fully Paid,C,debt consolidation,139388,MORTGAGE,0.37,0.62,1271.25,0
L0586,11-03-2022,B0586,IL,24857,23.2,60,Current,D,home improvement,97231,MORTGAGE,0.17,0.55,7569.96,0
L0587,13-04-2021,B0587,CA,16398,21.2,36,Current,A,small business,147946,OWN,0.12,0.6,1868.19,0
L0588,03-02-2023,B0588,GA,7638,9.3,60,Charged Off,F,credit card,110357,MORTGAGE,0.23,0.55,2378.77,1767.84
L0589,08-01-2023,B0589,NC,7570,14.3,60,Fully Paid,A,small business,33262,RENT,0.41,0.87,8652.51,0
L0590,17-03-2023,B0590,MI,4249,21.3,36,Charged Off,B,home improvement,96981,RENT,0.27,0.56,1578.6,1006.52
L0591,08-04-2021,B0591,TX,10110,6.3,60,Fully Paid,D,credit card,111972,OWN,0.36,0.84,10746.93,0
L0592,09-03-2023,B0592,NC,14605,12.7,36,Fully Paid,B,credit card,105485,OWN,0.33,0.52,16459.84,0
L0593,09-05-2023,B0593,GA,13115,22,36,Fully Paid,F,debt consolidation,84722,RENT,0.11,0.93,16000.3,0
L0594,11-03-2022,B0594,OH,23911,13.1,60,Current,C,other,119499,MORTGAGE,0.5,0.82,5871.91,0
L0595,23-03-2022,B0595,NY,39525,6.6,36,Fully Paid,E,debt consolidation,80818,MORTGAGE,0.12,0.5,42133.65,0
L0596,06-09-2021,B0596,TX,33556,15.9,60,Charged Off,E,other,59932,OWN,0.49,0.84,8269.13,9226.86
L0597,15-06-2021,B0597,OH,13595,22.2,36,Charged Off,G,debt consolidation,36901,OWN,0.32,0.73,5141.99,2205.12
L0598,11-09-2023,B0598,IL,2969,16.8,36,Charged Off,F,other,147473,RENT,0.49,0.85,760.95,303.63
L0599,17-10-2023,B0599,PA,18275,9.5,36,Fully Paid,F,small business,129023,RENT,0.15,0.74,20011.12,0
L0600,26-06-2022,B0600,FL,5470,12.7,60,Charged Off,D,credit card,38597,OWN,0.3,0.79,1347.15,2258.6
L0601,29-01-2023,B0601,TX,11225,14,36,Current,B,other,93909,RENT,0.17,0.85,3482.53,0
L0602,22-03-2021,B0602,NC,24196,16.6,60,Fully Paid,A,small business,102391,OWN,0.12,0.68,28212.54,0
L0603,13-05-2021,B0603,NY,14669,20.2,36,Fully Paid,D,home improvement,114214,OWN,0.35,0.5,17632.14,0
L0604,08-03-2023,B0604,OH,38380,7,36,Fully Paid,G,debt consolidation,38263,MORTGAGE,0.18,0.88,41066.6,0
L0605,19-06-2023,B0605,GA,39006,22.8,60,Fully Paid,D,home improvement,93293,OWN,0.34,0.67,47899.37,0
L0606,18-05-2021,B0606,TX,16577,5.2,60,Fully Paid,F,small business,142824,RENT,0.14,0.72,17439,0
L0607,03-07-2021,B0607,PA,23473,12.4,60,Late (31-120 days),E,home improvement,55805,MORTGAGE,0.23,0.5,0,0
L0608,24-02-2023,B0608,GA,29625,5.5,60,Fully Paid,A,home improvement,121679,MORTGAGE,0.41,0.72,31254.37,0
L0609,11-09-2023,B0609,OH,16504,12.9,60,Fully Paid,A,small business,41874,RENT,0.27,0.94,18633.02,0
L0610,10-03-2021,B0610,NY,25089,15.5,36,Late (31-120 days),B,credit card,123065,RENT,0.35,0.63,0,0
L0611,30-06-2022,B0611,CA,37487,15.2,36,Fully Paid,A,other,116402,RENT,0.36,0.68,43185.02,0
L0612,22-02-2021,B0612,PA,1302,8.3,60,Charged Off,C,debt consolidation,44079,OWN,0.44,0.81,399.41,452.5
L0613,24-07-2021,B0613,GA,32463,17.9,36,Fully Paid,G,other,79850,MORTGAGE,0.23,0.87,38273.88,0
L0614,06-05-2021,B0614,PA,30259,5.9,36,Current,D,debt consolidation,102779,OWN,0.37,0.69,2968.33,0
L0615,12-02-2021,B0615,IL,38208,20.2,36,Fully Paid,B,other,125408,OWN,0.48,0.64,45926.02,0
L0616,21-04-2021,B0616,GA,31659,23.9,60,Current,A,home improvement,39018,OWN,0.39,0.92,13280.94,0
L0617,31-01-2023,B0617,TX,36840,11.8,36,Fully Paid,B,credit card,79500,OWN,0.3,0.8,41187.12,0
L0618,28-04-2023,B0618,CA,32890,15.3,36,Current,C,home improvement,42100,MORTGAGE,0.35,0.55,8090.19,0
L0619,05-04-2021,B0619,CA,14598,12.6,36,Fully Paid,B,credit card,87021,MORTGAGE,0.4,0.53,16437.35,0
L0620,19-06-2023,B0620,FL,20508,5.1,60,Charged Off,A,small business,144995,OWN,0.34,0.72,2495.92,3057.79
L0621,26-12-2021,B0621,PA,14380,12.7,36,Fully Paid,B,debt consolidation,49800,RENT,0.11,0.6,16206.26,0
L0622,19-06-2023,B0622,NC,27984,20.8,36,Fully Paid,B,debt consolidation,93400,MORTGAGE,0.18,0.61,33804.67,0
L0623,08-10-2021,B0623,CA,9125,16.9,60,Current,F,small business,122446,OWN,0.42,0.89,3684.51,0
L0624,29-10-2022,B0624,CA,37059,7,60,Fully Paid,A,other,59437,RENT,0.21,0.54,39653.13,0
L0625,03-04-2021,B0625,IL,5033,21.9,36,Current,A,small business,133124,RENT,0.39,0.82,1105.39,0
L0626,03-11-2022,B0626,MI,38873,15.6,36,Late (31-120 days),A,small business,106537,OWN,0.25,0.62,0,0
L0627,02-03-2021,B0627,IL,18087,21.8,60,Current,B,credit card,76675,MORTGAGE,0.31,0.84,1721.26,0
L0628,26-09-2022,B0628,IL,6704,16.6,60,Fully Paid,D,small business,49942,RENT,0.13,0.83,7816.86,0
L0629,11-12-2023,B0629,MI,8848,16.2,60,Current,D,debt consolidation,50862,MORTGAGE,0.17,0.5,2965.85,0
L0630,26-10-2023,B0630,PA,22592,7.1,60,Current,C,home improvement,41669,MORTGAGE,0.48,0.73,10077.37,0
L0631,27-08-2022,B0631,GA,7924,8.3,60,Current,D,credit card,83772,RENT,0.46,0.56,3561.75,0
L0632,13-11-2022,B0632,NY,28208,24.4,60,Fully Paid,B,credit card,45916,OWN,0.36,0.89,35090.75,0
L0633,18-06-2022,B0633,NC,20614,9.6,60,Fully Paid,D,other,40878,RENT,0.28,0.89,22592.94,0
L0634,18-04-2023,B0634,CA,1488,24.5,36,Fully Paid,A,home improvement,32985,RENT,0.37,0.69,1852.56,0
L0635,07-10-2022,B0635,FL,26923,15.6,60,Fully Paid,B,credit card,127905,MORTGAGE,0.35,0.7,31122.99,0
L0636,21-08-2021,B0636,NC,36941,7.7,60,Fully Paid,E,small business,103648,OWN,0.33,0.64,39785.46,0
L0637,08-06-2022,B0637,GA,30165,7,36,Fully Paid,E,credit card,71235,MORTGAGE,0.12,0.82,32276.55,0
L0638,12-12-2021,B0638,MI,2667,9.2,60,Current,D,credit card,48931,RENT,0.35,0.66,1282.69,0
L0639,06-12-2023,B0639,NC,27213,23.5,60,Charged Off,A,credit card,122876,OWN,0.41,0.62,9805.16,8501.71
L0640,30-06-2022,B0640,CA,5114,13.3,36,Current,A,other,30336,OWN,0.5,0.69,260.63,0
L0641,05-03-2023,B0641,NC,37321,12.9,60,Fully Paid,G,credit card,72933,OWN,0.1,0.54,42135.41,0
L0642,06-09-2021,B0642,NY,8761,11.3,36,Fully Paid,A,credit card,114899,OWN,0.39,0.84,9750.99,0
L0643,16-02-2021,B0643,MI,32116,7.9,36,Late (31-120 days),A,other,75536,OWN,0.33,0.51,0,0
L0644,02-08-2021,B0644,NC,34768,14.8,36,Late (31-120 days),A,home improvement,99504,RENT,0.27,0.79,0,0
L0645,27-08-2021,B0645,CA,26426,7.6,36,Charged Off,B,debt consolidation,129214,RENT,0.15,0.58,5657.08,8575.97
L0646,16-12-2023,B0646,CA,18772,21.7,60,Current,A,other,81148,RENT,0.26,0.6,7853.16,0
L0647,16-12-2021,B0647,NC,39218,12.4,36,Fully Paid,C,other,143936,MORTGAGE,0.24,0.79,44081.03,0
L0648,17-04-2021,B0648,PA,4712,12.5,36,Current,C,credit card,46279,OWN,0.22,0.95,1012.2,0
L0649,11-04-2023,B0649,FL,2367,14.5,60,Fully Paid,F,credit card,98665,OWN,0.39,0.85,2710.22,0
L0650,17-02-2021,B0650,OH,27200,13.9,36,Fully Paid,A,debt consolidation,133751,RENT,0.38,0.6,30980.8,0
L0651,03-12-2021,B0651,IL,4726,24.9,36,Current,B,credit card,134433,OWN,0.34,0.58,1515.61,0
L0652,16-11-2023,B0652,MI,24616,15.9,36,Fully Paid,C,small business,101386,MORTGAGE,0.48,0.89,28529.94,0
L0653,15-03-2023,B0653,OH,28723,6.8,36,Fully Paid,C,credit card,116124,OWN,0.24,0.7,30676.16,0
L0654,08-01-2021,B0654,GA,38574,17.1,60,Fully Paid,C,credit card,135750,OWN,0.2,0.56,45170.15,0
L0655,17-09-2022,B0655,GA,35958,8,36,Fully Paid,E,small business,107485,MORTGAGE,0.36,0.89,38834.64,0
L0656,20-12-2022,B0656,CA,10108,5.6,60,Charged Off,A,debt consolidation,104055,RENT,0.18,0.87,2849.4,2210.77
L0657,30-10-2021,B0657,GA,13178,24.4,60,Fully Paid,E,small business,121911,RENT,0.23,0.94,16393.43,0
L0658,01-10-2022,B0658,PA,36643,20.5,36,Fully Paid,C,other,128618,OWN,0.19,0.91,44154.82,0
L0659,25-02-2021,B0659,FL,32324,24.6,36,Fully Paid,A,small business,107273,MORTGAGE,0.13,0.88,40275.7,0
L0660,27-12-2022,B0660,GA,39360,14.6,36,Fully Paid,F,home improvement,96670,RENT,0.43,0.52,45106.56,0
L0661,10-06-2022,B0661,NY,18824,15.6,36,Fully Paid,D,other,106474,RENT,0.2,0.55,21760.54,0
L0662,19-04-2022,B0662,FL,9927,8.4,60,Current,A,credit card,84028,RENT,0.29,0.76,2126.97,0
L0663,28-01-2021,B0663,PA,29144,9.9,60,Fully Paid,A,other,120022,OWN,0.12,0.74,32029.26,0
L0664,19-03-2021,B0664,OH,32010,21.8,60,Current,A,debt consolidation,143892,MORTGAGE,0.38,0.71,14628.99,0
L0665,31-12-2021,B0665,FL,23443,12.1,36,In Grace Period,C,debt consolidation,121632,OWN,0.23,0.68,0,0
L0666,28-10-2022,B0666,FL,15437,21.5,60,Current,A,small business,136651,RENT,0.4,0.69,4267.6,0
L0667,10-06-2022,B0667,OH,12207,19.2,36,Fully Paid,A,other,101128,MORTGAGE,0.26,0.76,14550.74,0
L0668,30-11-2022,B0668,PA,26537,8.5,36,Fully Paid,A,credit card,48108,OWN,0.18,0.5,28792.64,0
L0669,02-06-2023,B0669,GA,36757,15.1,36,Charged Off,D,debt consolidation,82495,RENT,0.31,0.62,8800.92,6346.33
L0670,28-10-2023,B0670,CA,13040,18.5,36,Fully Paid,E,credit card,112806,RENT,0.15,0.73,15452.4,0
L0671,24-10-2023,B0671,MI,23612,9.7,36,Current,E,home improvement,123185,OWN,0.28,0.82,11779.58,0
L0672,08-07-2023,B0672,OH,29441,21.6,60,Charged Off,A,debt consolidation,106533,RENT,0.23,0.58,7302.84,11730.22
L0673,20-01-2023,B0673,OH,7471,15.9,60,Charged Off,F,small business,129025,RENT,0.46,0.75,1146.94,2846.42
L0674,29-12-2021,B0674,OH,36631,8.3,36,Charged Off,D,home improvement,86830,MORTGAGE,0.12,0.82,9301.37,10217.73
L0675,17-03-2023,B0675,OH,27523,16.7,60,Current,F,other,104640,RENT,0.38,0.7,11458.03,0
L0676,09-01-2023,B0676,MI,32348,25,36,Fully Paid,B,credit card,82509,OWN,0.17,0.51,40435,0
L0677,05-11-2023,B0677,MI,2177,8,36,Late (31-120 days),B,debt consolidation,96406,MORTGAGE,0.23,0.7,0,0
L0678,30-04-2022,B0678,GA,5760,21.3,36,Fully Paid,E,home improvement,124220,OWN,0.27,0.63,6986.88,0
L0679,28-01-2021,B0679,NC,33779,9.1,60,Fully Paid,A,home improvement,69519,RENT,0.46,0.92,36852.89,0
L0680,15-12-2022,B0680,NC,22636,20.6,36,Current,C,debt consolidation,79649,MORTGAGE,0.2,0.56,9045.05,0
L0681,29-11-2023,B0681,TX,17353,19.7,36,Current,E,other,64524,MORTGAGE,0.14,0.79,7025.57,0
L0682,27-03-2021,B0682,OH,12556,11,60,Charged Off,E,other,126493,MORTGAGE,0.23,0.52,3922.58,3494.67
L0683,06-05-2021,B0683,OH,28598,11.5,60,Current,F,small business,63885,MORTGAGE,0.14,0.7,4701.45,0
L0684,23-03-2023,B0684,FL,12563,20.9,60,Fully Paid,D,other,74369,OWN,0.15,0.75,15188.67,0
L0685,21-06-2022,B0685,NC,9234,14.2,36,Late (31-120 days),A,small business,131132,RENT,0.33,0.63,0,0
L0686,25-05-2021,B0686,GA,26519,19.6,36,Current,A,home improvement,125402,RENT,0.12,0.7,11613.67,0
L0687,25-01-2021,B0687,CA,27966,8,60,Current,C,debt consolidation,60676,MORTGAGE,0.11,0.57,12642.02,0
L0688,08-03-2021,B0688,TX,17173,22.1,36,Fully Paid,C,other,94093,RENT,0.39,0.64,20968.23,0
L0689,21-08-2021,B0689,TX,27987,19.2,60,Fully Paid,A,small business,77764,OWN,0.24,0.78,33360.5,0
L0690,19-04-2021,B0690,GA,14178,23.1,60,Current,A,home improvement,80799,RENT,0.15,0.64,1947.61,0
L0691,21-04-2021,B0691,CA,25596,7.6,36,Fully Paid,C,other,109414,OWN,0.2,0.9,27541.3,0
L0692,16-08-2021,B0692,FL,34174,16.9,36,Fully Paid,D,credit card,135296,OWN,0.36,0.78,39949.41,0
L0693,21-04-2021,B0693,MI,5431,17,60,Current,G,home improvement,123095,RENT,0.21,0.7,590.38,0
L0694,03-02-2021,B0694,IL,28764,12.1,60,Fully Paid,D,other,142082,OWN,0.3,0.52,32244.44,0
L0695,15-09-2022,B0695,NC,22627,14.2,60,Fully Paid,E,home improvement,102307,OWN,0.15,0.72,25840.03,0
L0696,18-01-2023,B0696,OH,9906,5.8,60,Fully Paid,C,debt consolidation,112062,OWN,0.34,0.84,10480.55,0
L0697,18-08-2022,B0697,GA,37914,19.9,36,Fully Paid,G,debt consolidation,125432,OWN,0.23,0.62,45458.89,0
L0698,01-03-2022,B0698,NC,14076,16,60,Current,D,debt consolidation,61923,MORTGAGE,0.35,0.86,6883.48,0
L0699,05-09-2022,B0699,OH,38650,6.2,60,Fully Paid,E,credit card,147449,RENT,0.42,0.61,41046.3,0
L0700,23-11-2022,B0700,IL,7012,18.6,60,Fully Paid,F,debt consolidation,131739,MORTGAGE,0.34,0.87,8316.23,0
L0701,11-11-2021,B0701,IL,8151,14.3,36,Current,F,credit card,134926,OWN,0.22,0.54,3592.52,0
L0702,27-05-2023,B0702,MI,29211,5.7,36,Late (31-120 days),B,debt consolidation,108388,RENT,0.2,0.89,0,0
L0703,24-10-2022,B0703,PA,28117,24.4,60,Current,A,home improvement,77574,OWN,0.23,0.72,12707.65,0
L0704,04-10-2021,B0704,IL,37378,24,36,Fully Paid,A,other,73391,RENT,0.17,0.63,46348.72,0
L0705,16-09-2022,B0705,NC,7894,15.3,36,Fully Paid,A,other,83664,MORTGAGE,0.17,0.62,9101.78,0
L0706,31-05-2022,B0706,NY,14467,6.9,36,Charged Off,A,debt consolidation,97384,RENT,0.42,0.69,5293.66,1335.02
L0707,23-04-2023,B0707,NY,32010,20.1,60,Fully Paid,A,other,61027,OWN,0.25,0.95,38444.01,0
L0708,16-12-2021,B0708,OH,13289,14.8,60,Current,B,debt consolidation,65464,RENT,0.27,0.6,3903.76,0
L0709,03-04-2023,B0709,OH,24171,11,36,Fully Paid,C,debt consolidation,64485,RENT,0.34,0.55,26829.81,0
L0710,29-01-2023,B0710,PA,35905,14.8,60,Fully Paid,D,small business,49456,MORTGAGE,0.34,0.76,41218.94,0
L0711,18-06-2023,B0711,NY,21829,15.4,60,Current,A,small business,104795,OWN,0.13,0.72,7441.09,0
L0712,31-08-2021,B0712,OH,35054,16.3,36,Current,D,small business,65554,RENT,0.43,0.74,10355.42,0
L0713,27-06-2022,B0713,IL,30734,13.8,36,Current,D,credit card,76922,MORTGAGE,0.17,0.8,2244.9,0
L0714,30-11-2023,B0714,OH,8052,17.1,60,Fully Paid,C,small business,43409,RENT,0.39,0.62,9428.89,0
L0715,17-08-2021,B0715,TX,4654,23.4,36,Fully Paid,F,debt consolidation,99327,OWN,0.41,0.91,5743.04,0
L0716,02-07-2022,B0716,PA,24486,12.2,60,Current,A,home improvement,121400,RENT,0.39,0.7,9438.77,0
L0717,09-07-2023,B0717,GA,19743,19.5,60,Current,A,small business,66639,RENT,0.33,0.56,5476.7,0
L0718,06-01-2021,B0718,CA,25489,22.9,36,Fully Paid,B,small business,130110,RENT,0.11,0.83,31325.98,0
L0719,13-04-2022,B0719,FL,9636,14.1,60,Fully Paid,A,home improvement,93627,RENT,0.24,0.79,10994.68,0
L0720,16-03-2021,B0720,CA,7441,13.9,60,Fully Paid,C,debt consolidation,113424,OWN,0.34,0.64,8475.3,0
L0721,04-01-2021,B0721,CA,25611,17,36,In Grace Period,B,credit card,49692,MORTGAGE,0.25,0.78,0,0
L0722,08-10-2022,B0722,MI,13149,16.8,36,Current,B,small business,119037,MORTGAGE,0.45,0.6,4489.98,0
L0723,28-04-2021,B0723,GA,35566,21.1,36,Charged Off,A,home improvement,108840,RENT,0.22,0.7,8919.67,8978.74
L0724,31-05-2023,B0724,OH,22675,14.5,60,Fully Paid,B,debt consolidation,84200,OWN,0.22,0.9,25962.88,0
L0725,19-05-2022,B0725,MI,6495,24.9,36,Late (31-120 days),C,other,123063,OWN,0.21,0.56,0,0
L0726,05-08-2023,B0726,CA,14673,6.2,36,Fully Paid,C,credit card,87415,OWN,0.23,0.67,15582.73,0
L0727,28-07-2022,B0727,TX,12130,5.1,36,Fully Paid,A,home improvement,48074,OWN,0.32,0.87,12748.63,0
L0728,13-07-2021,B0728,FL,23668,17.8,36,Current,A,home improvement,45549,OWN,0.38,0.94,6421.49,0
L0729,27-04-2023,B0729,CA,16222,11,60,Fully Paid,A,home improvement,59963,OWN,0.37,0.7,18006.42,0
L0730,16-12-2022,B0730,NY,24669,9.8,60,Fully Paid,A,small business,121456,RENT,0.42,0.73,27086.56,0
L0731,16-11-2023,B0731,GA,35068,11.2,36,Fully Paid,E,other,126362,MORTGAGE,0.45,0.76,38995.62,0
L0732,22-06-2021,B0732,GA,24253,10.1,60,Fully Paid,A,credit card,131607,MORTGAGE,0.43,0.92,26702.55,0
L0733,22-11-2021,B0733,GA,10435,5.6,36,Current,D,debt consolidation,82265,RENT,0.11,0.89,1328.43,0
L0734,16-04-2023,B0734,PA,29552,24.4,36,Current,E,debt consolidation,46061,MORTGAGE,0.39,0.58,5184.05,0
L0735,25-12-2022,B0735,PA,38384,9.4,60,Current,A,other,88226,OWN,0.18,0.7,4663.03,0
L0736,13-08-2021,B0736,IL,17393,19.7,60,Current,B,home improvement,58810,OWN,0.15,0.71,2401.1,0
L0737,16-06-2022,B0737,NC,11617,20.3,36,Current,G,home improvement,90006,MORTGAGE,0.36,0.86,5667.24,0
L0738,23-04-2021,B0738,FL,39520,23.6,36,Fully Paid,E,home improvement,143502,OWN,0.23,0.77,48846.72,0
L0739,20-05-2021,B0739,MI,10852,5.6,60,Fully Paid,C,home improvement,52800,OWN,0.12,0.79,11459.71,0
L0740,13-07-2022,B0740,OH,32401,22.4,36,Late (31-120 days),D,home improvement,146192,MORTGAGE,0.16,0.95,0,0
L0741,01-01-2021,B0741,CA,7295,15.5,60,Fully Paid,E,other,138959,RENT,0.1,0.53,8425.72,0
L0742,31-03-2021,B0742,NC,36993,17.7,36,Current,B,small business,137228,MORTGAGE,0.46,0.6,4398.51,0
L0743,16-10-2022,B0743,OH,35084,17.9,36,Fully Paid,F,credit card,105476,MORTGAGE,0.11,0.68,41364.04,0
L0744,16-11-2021,B0744,MI,37451,21.4,60,Current,C,home improvement,99460,MORTGAGE,0.18,0.66,6410.55,0
L0745,19-05-2021,B0745,NC,8227,11.7,60,Current,C,small business,87767,MORTGAGE,0.27,0.51,2597.8,0
L0746,25-04-2023,B0746,OH,32910,19.7,60,Fully Paid,G,debt consolidation,58054,RENT,0.24,0.54,39393.27,0
L0747,16-09-2021,B0747,TX,37041,15.6,60,Fully Paid,E,other,105319,RENT,0.46,0.81,42819.4,0
L0748,21-06-2023,B0748,PA,24384,20.9,60,Current,B,small business,132789,OWN,0.12,0.9,7914.57,0
L0749,21-11-2022,B0749,MI,1145,24.8,60,Fully Paid,A,home improvement,75397,OWN,0.3,0.73,1428.96,0
L0750,10-01-2021,B0750,FL,38778,9,60,Fully Paid,C,home improvement,43233,MORTGAGE,0.37,0.74,42268.02,0
L0751,18-09-2021,B0751,NY,17035,24.9,36,Current,D,home improvement,141205,OWN,0.47,0.61,2032.08,0
L0752,21-06-2021,B0752,TX,4040,6.8,36,Fully Paid,D,small business,120020,RENT,0.35,0.85,4314.72,0
L0753,17-06-2023,B0753,PA,27160,5,36,Charged Off,G,home improvement,55068,OWN,0.42,0.84,9183.21,3538.73
L0754,13-01-2021,B0754,GA,18633,5.9,60,Fully Paid,E,small business,95727,OWN,0.13,0.76,19732.35,0
L0755,17-11-2021,B0755,PA,30344,11.8,60,Fully Paid,B,home improvement,120610,OWN,0.25,0.6,33924.59,0
L0756,25-11-2021,B0756,NC,18014,17.7,60,Current,A,debt consolidation,100453,MORTGAGE,0.25,0.54,7265.79,0
L0757,24-02-2023,B0757,IL,15996,6.4,36,Fully Paid,C,debt consolidation,134135,OWN,0.45,0.53,17019.74,0
L0758,16-02-2023,B0758,TX,12695,5.1,60,Fully Paid,D,credit card,55832,RENT,0.16,0.77,13342.44,0
L0759,30-06-2023,B0759,GA,3852,23.7,60,Fully Paid,C,home improvement,138464,RENT,0.16,0.87,4764.92,0
L0760,14-11-2021,B0760,NC,17014,21.4,36,Fully Paid,C,home improvement,116242,RENT,0.23,0.89,20655,0
L0761,24-08-2021,B0761,MI,28042,21.2,60,Fully Paid,C,small business,43682,RENT,0.12,0.71,33986.9,0
L0762,30-11-2021,B0762,FL,34755,22.7,36,Fully Paid,B,small business,122298,OWN,0.17,0.85,42644.38,0
L0763,11-01-2022,B0763,PA,24711,19,36,Fully Paid,B,home improvement,53383,MORTGAGE,0.49,0.93,29406.09,0
L0764,11-08-2022,B0764,MI,27122,7.1,60,Fully Paid,C,credit card,88160,RENT,0.27,0.62,29047.66,0
L0765,28-05-2022,B0765,GA,10160,13,60,Current,A,home improvement,123332,RENT,0.35,0.68,1593.02,0
L0766,07-07-2023,B0766,NC,28213,19.5,60,Current,B,small business,53666,MORTGAGE,0.39,0.92,5075.51,0
L0767,23-05-2023,B0767,IL,8421,10.6,36,Fully Paid,B,home improvement,88817,MORTGAGE,0.25,0.65,9313.63,0
L0768,27-09-2021,B0768,PA,22400,18.7,36,Current,C,small business,121198,RENT,0.16,0.91,10574.92,0
L0769,09-03-2023,B0769,FL,34537,5.5,36,Current,A,home improvement,140695,RENT,0.18,0.94,14559.15,0
L0770,26-12-2022,B0770,IL,18727,11.1,60,Current,E,other,64642,MORTGAGE,0.23,0.8,6816.79,0
L0771,05-01-2021,B0771,OH,5358,16,60,Current,C,small business,71830,RENT,0.35,0.87,466.17,0
L0772,01-05-2023,B0772,NC,29482,17.6,60,Fully Paid,D,credit card,133067,RENT,0.26,0.84,34670.83,0
L0773,19-03-2021,B0773,MI,33117,16.5,60,Charged Off,D,other,40234,OWN,0.1,0.81,7467.2,5237.48
L0774,28-07-2022,B0774,PA,24164,19,36,Fully Paid,B,home improvement,87616,MORTGAGE,0.31,0.64,28755.16,0
L0775,12-05-2021,B0775,PA,32910,5.1,36,Fully Paid,C,small business,39221,OWN,0.47,0.53,34588.41,0
L0776,24-08-2022,B0776,GA,33496,7,36,Current,F,other,41410,OWN,0.42,0.65,10105.27,0
L0777,02-12-2023,B0777,FL,30371,22.4,36,Fully Paid,D,credit card,110055,MORTGAGE,0.43,0.8,37174.1,0
L0778,30-03-2021,B0778,NY,39467,18.6,60,Fully Paid,G,small business,91413,OWN,0.42,0.55,46807.86,0
L0779,06-02-2022,B0779,OH,18625,7.3,60,Current,D,other,31051,RENT,0.23,0.51,2501.99,0
L0780,23-10-2021,B0780,IL,34893,21.8,60,Current,A,other,140529,OWN,0.41,0.56,8782.64,0
L0781,08-09-2022,B0781,TX,11793,9.8,36,Current,A,other,105301,MORTGAGE,0.16,0.82,3779.2,0
L0782,11-03-2023,B0782,TX,32007,14.6,36,Current,C,debt consolidation,106918,RENT,0.36,0.94,6315.61,0
L0783,26-02-2022,B0783,PA,26766,7.9,60,Fully Paid,B,home improvement,108116,RENT,0.36,0.94,28880.51,0
L0784,13-11-2023,B0784,GA,13323,19.2,60,Fully Paid,B,small business,86563,RENT,0.11,0.72,15881.02,0
L0785,29-07-2022,B0785,CA,8843,18.3,36,Current,E,small business,127859,RENT,0.42,0.89,3549.8,0
L0786,23-05-2021,B0786,PA,15210,9.2,60,Fully Paid,B,small business,74757,OWN,0.46,0.83,16609.32,0
L0787,20-09-2023,B0787,TX,17456,22.3,36,Current,B,other,107475,OWN,0.21,0.73,7474.7,0
L0788,27-10-2022,B0788,TX,32367,13,36,Fully Paid,E,home improvement,81257,RENT,0.42,0.76,36574.71,0
L0789,25-05-2021,B0789,OH,11106,10.9,36,Fully Paid,E,credit card,125500,MORTGAGE,0.13,0.56,12316.55,0
L0790,04-10-2023,B0790,MI,38957,8,60,Fully Paid,B,small business,30307,RENT,0.34,0.92,42073.56,0
L0791,18-05-2022,B0791,CA,3472,10.3,60,Current,E,home improvement,86889,OWN,0.29,0.66,679.21,0
L0792,01-04-2023,B0792,PA,7704,5.4,36,Fully Paid,E,home improvement,98895,RENT,0.32,0.7,8120.02,0
L0793,14-04-2021,B0793,OH,4713,16.7,60,Fully Paid,B,debt consolidation,125184,OWN,0.47,0.8,5500.07,0
L0794,29-11-2023,B0794,GA,6051,21.8,36,Fully Paid,A,small business,65944,RENT,0.45,0.65,7370.12,0
L0795,17-07-2021,B0795,OH,11756,16,36,Fully Paid,A,other,129555,MORTGAGE,0.41,0.61,13636.96,0
L0796,02-08-2022,B0796,PA,3475,9.4,36,Fully Paid,C,home improvement,68134,RENT,0.21,0.78,3801.65,0
L0797,26-01-2022,B0797,NC,37378,5.7,36,Fully Paid,B,home improvement,57323,MORTGAGE,0.46,0.51,39508.55,0
L0798,08-07-2022,B0798,NY,5255,9.3,60,Fully Paid,G,credit card,146205,MORTGAGE,0.14,0.82,5743.72,0
L0799,05-11-2023,B0799,PA,15484,13.3,36,Fully Paid,D,debt consolidation,101762,RENT,0.44,0.73,17543.37,0
L0800,23-04-2022,B0800,FL,35503,20.2,36,Fully Paid,D,home improvement,117225,MORTGAGE,0.23,0.77,42674.61,0
L0801,12-07-2023,B0801,TX,9258,8.8,60,Current,F,home improvement,126507,MORTGAGE,0.12,0.78,3956.83,0
L0802,24-02-2022,B0802,CA,36196,19.4,36,Charged Off,F,other,55954,OWN,0.37,0.74,4744.32,13544.73
L0803,06-06-2021,B0803,CA,9533,22.3,36,Fully Paid,B,other,85021,OWN,0.19,0.76,11658.86,0
L0804,04-07-2022,B0804,MI,33581,14.1,60,Fully Paid,A,credit card,119959,MORTGAGE,0.2,0.81,38315.92,0
L0805,18-10-2023,B0805,NY,6249,21.4,60,Fully Paid,D,credit card,125927,RENT,0.22,0.84,7586.29,0
L0806,24-09-2023,B0806,FL,20201,16.1,60,Current,B,credit card,109866,MORTGAGE,0.13,0.83,8625.38,0
L0807,09-08-2023,B0807,TX,10686,17.7,36,Fully Paid,C,other,100427,RENT,0.17,0.89,12577.42,0
L0808,16-10-2021,B0808,CA,33007,15.5,60,Fully Paid,D,other,34992,OWN,0.1,0.59,38123.08,0
L0809,15-07-2021,B0809,FL,1661,14.3,60,Current,F,debt consolidation,31961,RENT,0.28,0.68,197.22,0
L0810,21-08-2022,B0810,OH,31137,9.7,36,Fully Paid,B,small business,42497,MORTGAGE,0.13,0.93,34157.29,0
L0811,01-06-2022,B0811,MI,11526,11.1,36,Current,E,small business,147551,MORTGAGE,0.37,0.68,1006.42,0
L0812,15-05-2023,B0812,PA,4374,10.8,36,Fully Paid,B,debt consolidation,62551,MORTGAGE,0.19,0.56,4846.39,0
L0813,17-03-2023,B0813,PA,26592,16.3,36,Current,D,small business,106384,MORTGAGE,0.48,0.74,9009.34,0
L0814,26-03-2023,B0814,NC,29982,7.4,36,Fully Paid,A,other,85755,MORTGAGE,0.45,0.55,32200.67,0
L0815,16-08-2021,B0815,TX,1207,23.3,60,Charged Off,E,small business,43255,RENT,0.22,0.59,291.59,508.63
L0816,04-08-2021,B0816,FL,36433,19.4,60,Current,A,other,34567,MORTGAGE,0.41,0.95,16706.38,0
L0817,06-08-2023,B0817,IL,24197,13,60,Fully Paid,D,debt consolidation,78847,OWN,0.42,0.74,27342.61,0
L0818,15-01-2021,B0818,CA,34400,8.2,36,Fully Paid,A,credit card,134817,MORTGAGE,0.49,0.63,37220.8,0
L0819,16-02-2021,B0819,GA,4083,22.6,36,Fully Paid,B,debt consolidation,78003,RENT,0.34,0.95,5005.76,0
L0820,20-11-2021,B0820,GA,30328,21.5,36,Current,C,small business,50389,MORTGAGE,0.13,0.93,6473.06,0
L0821,24-04-2023,B0821,PA,21103,19.4,60,Current,B,other,74523,MORTGAGE,0.36,0.7,3782.05,0
L0822,10-05-2021,B0822,IL,11754,10.4,60,Fully Paid,A,small business,91576,RENT,0.35,0.62,12976.42,0
L0823,05-04-2021,B0823,GA,35447,13,36,Charged Off,B,small business,73919,MORTGAGE,0.36,0.88,8869.57,8023.15
L0824,19-09-2022,B0824,NY,16901,7.1,60,Fully Paid,D,credit card,112103,RENT,0.22,0.82,18100.97,0
L0825,25-01-2023,B0825,NY,34004,8.8,36,Fully Paid,D,small business,33358,MORTGAGE,0.44,0.81,36996.35,0
L0826,05-03-2023,B0826,TX,8446,20.7,60,Charged Off,A,credit card,118535,OWN,0.48,0.9,1999.88,1314.2
L0827,10-03-2021,B0827,IL,38211,19.3,60,Current,D,other,137894,MORTGAGE,0.19,0.81,7832.97,0
L0828,11-01-2021,B0828,NY,30301,16.9,60,Fully Paid,A,other,106524,RENT,0.14,0.63,35421.87,0
L0829,22-05-2023,B0829,NY,27116,22.9,36,Current,C,credit card,135982,OWN,0.18,0.81,9820.97,0
L0830,04-07-2022,B0830,PA,19752,16.7,60,Late (31-120 days),B,debt consolidation,127057,RENT,0.43,0.64,0,0
L0831,13-12-2022,B0831,GA,33376,14.3,60,Current,C,other,35698,MORTGAGE,0.37,0.84,13076.81,0
L0832,23-01-2021,B0832,TX,17669,11.8,36,Current,B,debt consolidation,96809,OWN,0.35,0.78,7665.57,0
L0833,26-03-2023,B0833,FL,33916,23.8,60,Current,G,other,123079,RENT,0.26,0.53,16543.73,0
L0834,12-12-2021,B0834,OH,14395,6.7,36,Fully Paid,B,other,85805,OWN,0.33,0.73,15359.46,0
L0835,29-10-2021,B0835,CA,21421,23.6,36,Current,A,home improvement,61349,OWN,0.22,0.65,3641.47,0
L0836,29-12-2021,B0836,CA,27342,21.5,36,Fully Paid,B,small business,106777,RENT,0.29,0.65,33220.53,0
L0837,31-01-2022,B0837,MI,5895,7.6,36,Charged Off,F,small business,80248,OWN,0.42,0.77,1855.91,1714.08
L0838,06-08-2021,B0838,OH,12023,16.3,36,Fully Paid,D,debt consolidation,105033,RENT,0.49,0.65,13982.75,0
L0839,21-05-2021,B0839,OH,11699,22.3,60,Current,D,small business,137411,OWN,0.47,0.85,2660.54,0
L0840,16-08-2023,B0840,CA,10715,16.4,36,Fully Paid,F,debt consolidation,128239,OWN,0.47,0.53,12472.26,0
L0841,12-09-2023,B0841,CA,20169,23.1,36,Fully Paid,F,other,74041,OWN,0.26,0.8,24828.04,0
L0842,20-09-2023,B0842,FL,17163,23.9,36,Fully Paid,D,home improvement,61954,MORTGAGE,0.29,0.86,21264.96,0
L0843,08-04-2023,B0843,IL,6782,13.4,36,Late (31-120 days),A,home improvement,38002,MORTGAGE,0.38,0.8,0,0
L0844,14-11-2022,B0844,IL,23641,12.5,60,Late (31-120 days),E,other,99783,RENT,0.47,0.72,0,0
L0845,01-10-2023,B0845,FL,19792,23.7,36,Fully Paid,A,credit card,137524,OWN,0.16,0.93,24482.7,0
L0846,22-12-2021,B0846,GA,36585,18.5,60,In Grace Period,D,credit card,117234,RENT,0.22,0.63,0,0
L0847,05-10-2023,B0847,OH,31682,7.3,36,Current,D,small business,49738,MORTGAGE,0.16,0.51,11237.19,0
L0848,07-06-2023,B0848,NC,19880,5.8,60,Current,D,debt consolidation,40703,MORTGAGE,0.34,0.69,5252.13,0
L0849,07-05-2021,B0849,OH,39067,16.3,36,Fully Paid,C,home improvement,143776,MORTGAGE,0.22,0.51,45434.92,0
L0850,06-10-2023,B0850,MI,19073,23.6,36,Charged Off,D,small business,79422,MORTGAGE,0.23,0.93,7593.57,6148.31
L0851,27-08-2022,B0851,CA,37035,21.9,60,Current,F,other,113106,RENT,0.13,0.59,13999.45,0
L0852,11-10-2023,B0852,OH,38174,18.5,36,Charged Off,A,home improvement,91899,OWN,0.24,0.86,14725.52,11118.32
L0853,20-02-2021,B0853,CA,25837,7.8,60,Current,B,debt consolidation,42392,RENT,0.44,0.85,10999.75,0
L0854,19-11-2023,B0854,OH,18826,10.1,36,Current,C,debt consolidation,74724,OWN,0.19,0.6,8590.41,0
L0855,18-02-2023,B0855,MI,25981,22.5,60,Current,G,credit card,62299,MORTGAGE,0.38,0.78,10820.79,0
L0856,25-03-2023,B0856,GA,11382,8.7,36,Fully Paid,A,small business,45641,OWN,0.35,0.52,12372.23,0
L0857,24-02-2022,B0857,NC,5437,10.6,36,Fully Paid,A,other,109534,MORTGAGE,0.45,0.72,6013.32,0
L0858,10-09-2023,B0858,NY,6435,7.6,60,Fully Paid,A,home improvement,36305,RENT,0.15,0.51,6924.06,0
L0859,05-04-2023,B0859,FL,25819,18.5,36,Fully Paid,A,debt consolidation,128262,OWN,0.49,0.91,30595.52,0
L0860,22-10-2023,B0860,FL,37875,23.9,36,Current,F,home improvement,48782,RENT,0.33,0.94,9719.54,0
L0861,21-07-2022,B0861,NC,32982,10.4,36,Current,D,other,108257,MORTGAGE,0.5,0.6,5386.12,0
L0862,06-01-2022,B0862,OH,34328,14.5,36,Charged Off,D,home improvement,135299,RENT,0.46,0.59,7246.51,14471.77
L0863,25-07-2023,B0863,NY,13329,17.7,36,Fully Paid,C,small business,107963,MORTGAGE,0.19,0.84,15688.23,0
L0864,23-10-2022,B0864,MI,26169,25,36,Fully Paid,E,credit card,142086,MORTGAGE,0.12,0.61,32711.25,0
L0865,27-08-2023,B0865,IL,22932,7.1,60,Fully Paid,A,home improvement,50566,MORTGAGE,0.2,0.9,24560.17,0
L0866,21-07-2021,B0866,OH,35594,15,60,Fully Paid,B,credit card,97766,RENT,0.31,0.76,40933.1,0
L0867,09-11-2021,B0867,GA,12421,12.7,60,Fully Paid,C,other,36511,RENT,0.17,0.66,13998.47,0
L0868,27-04-2021,B0868,CA,8629,22.3,36,Current,A,credit card,144816,OWN,0.17,0.87,510.03,0
L0869,26-07-2023,B0869,TX,9325,14.5,60,Fully Paid,B,home improvement,137765,OWN,0.29,0.72,10677.12,0
L0870,29-07-2022,B0870,OH,29495,7.2,36,Current,B,home improvement,148360,RENT,0.11,0.91,8429.58,0
L0871,01-09-2021,B0871,TX,32750,17.7,36,Fully Paid,A,debt consolidation,56177,RENT,0.15,0.92,38546.75,0
L0872,21-06-2022,B0872,OH,30619,20.4,36,Charged Off,A,home improvement,34765,RENT,0.27,0.57,7701.21,8440.1
L0873,16-03-2021,B0873,NC,9264,5.1,36,Current,D,credit card,50354,RENT,0.13,0.5,2652.86,0
L0874,21-01-2022,B0874,TX,13686,22.2,60,Late (31-120 days),A,debt consolidation,53929,MORTGAGE,0.26,0.94,0,0
L0875,20-04-2022,B0875,OH,25226,8.7,36,Charged Off,F,home improvement,58820,MORTGAGE,0.29,0.91,9893.87,7297.15
L0876,22-02-2022,B0876,FL,7721,16,60,Charged Off,A,home improvement,141576,MORTGAGE,0.28,0.52,2883.3,822.57
L0877,13-12-2021,B0877,TX,21609,13.3,36,Charged Off,E,other,59523,RENT,0.45,0.87,3209.24,5044.06
L0878,02-10-2022,B0878,OH,8373,19.4,60,Current,F,debt consolidation,101088,MORTGAGE,0.31,0.71,1808.54,0
L0879,28-07-2023,B0879,IL,39675,12.4,60,Fully Paid,F,other,96163,MORTGAGE,0.29,0.62,44594.7,0
L0880,13-08-2023,B0880,CA,29937,22.4,60,Fully Paid,E,other,107525,OWN,0.26,0.9,36642.89,0
L0881,26-05-2023,B0881,IL,6656,19.6,60,Fully Paid,B,other,43780,OWN,0.43,0.59,7960.58,0
L0882,02-02-2023,B0882,NY,9984,18,60,Current,B,small business,36589,MORTGAGE,0.46,0.93,2403.95,0
L0883,26-10-2022,B0883,OH,30984,20.9,60,Fully Paid,B,other,64812,MORTGAGE,0.44,0.59,37459.66,0
L0884,25-01-2021,B0884,PA,9286,20.1,36,Charged Off,A,credit card,123664,MORTGAGE,0.37,0.78,1932.97,2167.49
L0885,11-12-2022,B0885,GA,6901,5.7,60,Late (31-120 days),A,home improvement,75939,RENT,0.15,0.6,0,0
L0886,26-06-2021,B0886,IL,32552,12.9,36,Fully Paid,E,small business,81493,OWN,0.21,0.75,36751.21,0
L0887,12-10-2021,B0887,TX,26709,23.6,60,Fully Paid,C,other,134188,OWN,0.12,0.81,33012.32,0
L0888,04-03-2021,B0888,NC,32055,7.5,36,Late (31-120 days),C,home improvement,123326,OWN,0.47,0.59,0,0
L0889,30-09-2023,B0889,GA,38685,19.7,60,Fully Paid,F,debt consolidation,70953,MORTGAGE,0.36,0.73,46305.94,0
L0890,24-10-2022,B0890,PA,9429,24.5,60,Current,D,debt consolidation,95785,RENT,0.4,0.71,3859.51,0
L0891,28-10-2022,B0891,MI,15716,6,36,Fully Paid,D,home improvement,49309,OWN,0.22,0.53,16658.96,0
L0892,05-06-2021,B0892,OH,12138,18.6,60,Current,E,credit card,84195,OWN,0.44,0.87,3469.25,0
L0893,09-12-2023,B0893,NC,36298,14.4,60,Fully Paid,A,home improvement,145662,RENT,0.2,0.65,41524.91,0
L0894,25-08-2023,B0894,OH,24429,16.6,60,Charged Off,B,home improvement,55901,MORTGAGE,0.1,0.76,6635.65,6328.17
L0895,29-04-2023,B0895,NY,6772,6.7,36,Current,G,small business,53576,MORTGAGE,0.25,0.73,2938.07,0
L0896,20-11-2022,B0896,PA,36732,5.9,60,Fully Paid,F,debt consolidation,61508,OWN,0.33,0.73,38899.19,0
L0897,28-05-2021,B0897,OH,18347,18.3,36,Fully Paid,F,debt consolidation,104711,OWN,0.29,0.55,21704.5,0
L0898,08-12-2021,B0898,TX,17920,21.5,60,Fully Paid,C,other,55464,RENT,0.44,0.69,21772.8,0
L0899,21-04-2022,B0899,NY,32822,20.6,60,Late (31-120 days),E,home improvement,90281,OWN,0.14,0.7,0,0
L0900,23-12-2023,B0900,FL,24563,15.9,36,Current,A,home improvement,46260,RENT,0.32,0.83,10136.36,0
L0901,15-07-2022,B0901,MI,8967,7,60,Fully Paid,A,credit card,65440,OWN,0.31,0.88,9594.69,0
L0902,23-11-2021,B0902,PA,12871,18.8,60,Fully Paid,B,debt consolidation,125082,OWN,0.21,0.75,15290.75,0
L0903,17-09-2023,B0903,CA,29763,9.8,36,Fully Paid,C,credit card,135583,OWN,0.43,0.54,32679.77,0
L0904,03-08-2021,B0904,NC,12916,23.2,60,Current,B,small business,86683,MORTGAGE,0.4,0.61,1414.24,0
L0905,11-03-2022,B0905,IL,9734,21.8,36,Current,B,other,71430,RENT,0.39,0.57,3613.86,0
L0906,10-08-2023,B0906,OH,34613,19.2,36,Fully Paid,A,credit card,31987,RENT,0.45,0.56,41258.7,0
L0907,24-12-2022,B0907,NC,29179,24,36,Current,C,debt consolidation,144778,MORTGAGE,0.39,0.66,7176.47,0
L0908,01-02-2021,B0908,NC,36262,5.6,60,Current,E,small business,55105,MORTGAGE,0.19,0.6,6621.15,0
L0909,01-11-2022,B0909,CA,13677,19.7,36,Late (31-120 days),D,home improvement,108484,MORTGAGE,0.38,0.6,0,0
L0910,12-10-2021,B0910,CA,19268,11.6,36,Charged Off,A,small business,148747,RENT,0.22,0.52,2215.93,9626.54
L0911,05-03-2022,B0911,NY,13330,23.1,60,Current,C,credit card,43026,OWN,0.2,0.51,3589.27,0
L0912,13-10-2021,B0912,PA,21733,10.3,36,Current,D,debt consolidation,98309,MORTGAGE,0.13,0.55,4562.77,0
L0913,09-11-2023,B0913,TX,38947,19.5,60,Fully Paid,C,credit card,75927,MORTGAGE,0.4,0.58,46541.66,0
L0914,18-01-2021,B0914,MI,28286,22.6,60,Current,B,home improvement,105414,MORTGAGE,0.38,0.69,4615.73,0
L0915,08-02-2023,B0915,CA,7610,5.8,60,Fully Paid,C,home improvement,87535,OWN,0.19,0.73,8051.38,0
L0916,13-08-2022,B0916,CA,7430,13,60,Fully Paid,G,debt consolidation,72946,OWN,0.4,0.56,8395.9,0
L0917,07-10-2023,B0917,IL,14828,20.2,36,Fully Paid,A,other,86561,MORTGAGE,0.47,0.69,17823.26,0
L0918,13-07-2021,B0918,FL,32497,14.1,36,Current,B,small business,40377,OWN,0.14,0.65,11783.49,0
L0919,17-05-2022,B0919,CA,37618,10.3,36,Fully Paid,B,small business,83592,MORTGAGE,0.19,0.58,41492.65,0
L0920,15-09-2023,B0920,FL,27526,9.4,36,Fully Paid,C,home improvement,37347,OWN,0.4,0.5,30113.44,0
L0921,24-04-2021,B0921,NY,31158,7.6,36,Fully Paid,A,credit card,63776,RENT,0.21,0.71,33526.01,0
L0922,05-08-2023,B0922,TX,26032,22.1,60,Fully Paid,A,credit card,33783,RENT,0.35,0.81,31785.07,0
L0923,11-04-2023,B0923,NC,38846,16.5,36,Fully Paid,B,other,85798,OWN,0.13,0.6,45255.59,0
L0924,14-07-2023,B0924,CA,30794,6.5,36,Current,F,credit card,34298,RENT,0.28,0.56,12202.69,0
L0925,24-02-2021,B0925,OH,6448,12.7,36,Current,D,small business,100204,RENT,0.4,0.9,1032.68,0
L0926,11-03-2023,B0926,FL,29861,12.4,60,Fully Paid,D,credit card,116207,RENT,0.37,0.62,33563.76,0
L0927,17-02-2023,B0927,IL,29141,8.6,60,Charged Off,E,other,130356,MORTGAGE,0.43,0.6,3346.38,13855.54
L0928,11-06-2021,B0928,MI,10074,13.7,36,Current,A,small business,85161,OWN,0.45,0.89,4351.35,0
L0929,28-03-2021,B0929,IL,7406,11.6,60,Fully Paid,E,credit card,90652,OWN,0.41,0.87,8265.1,0
L0930,24-02-2021,B0930,CA,32823,11.8,36,Current,C,small business,64484,OWN,0.37,0.7,1788.26,0
L0931,29-10-2023,B0931,PA,24291,19.8,36,Late (31-120 days),B,home improvement,128614,RENT,0.11,0.72,0,0
L0932,13-04-2023,B0932,NC,33003,9.5,60,Fully Paid,E,home improvement,142695,MORTGAGE,0.31,0.6,36138.28,0
L0933,09-11-2021,B0933,TX,35406,17.8,60,Fully Paid,E,home improvement,50922,OWN,0.12,0.54,41708.27,0
L0934,29-01-2023,B0934,OH,24312,16.4,36,Charged Off,E,credit card,64028,RENT,0.42,0.76,9266.12,2516.62
L0935,19-03-2022,B0935,PA,2382,16.4,36,Current,A,other,141461,MORTGAGE,0.23,0.54,791.85,0
L0936,24-11-2021,B0936,IL,35171,18.3,60,Fully Paid,G,small business,50316,MORTGAGE,0.32,0.7,41607.29,0
L0937,14-12-2023,B0937,FL,4292,16,36,Current,F,debt consolidation,106996,OWN,0.21,0.92,836.21,0
L0938,31-01-2023,B0938,FL,34187,22.6,60,Fully Paid,B,home improvement,46968,OWN,0.41,0.93,41913.26,0
L0939,02-08-2022,B0939,PA,13411,18.5,36,Charged Off,A,home improvement,60266,RENT,0.45,0.61,2332.75,2064.93
L0940,11-12-2023,B0940,FL,38285,15.9,60,Fully Paid,A,debt consolidation,125745,OWN,0.26,0.78,44372.32,0
L0941,04-10-2023,B0941,IL,16422,21.6,36,Fully Paid,G,debt consolidation,54000,RENT,0.45,0.71,19969.15,0
L0942,06-04-2021,B0942,PA,33371,17.1,36,Current,C,credit card,44011,MORTGAGE,0.21,0.89,1803.79,0
L0943,25-03-2023,B0943,IL,6693,10.8,60,Fully Paid,B,small business,32866,MORTGAGE,0.31,0.62,7415.84,0
L0944,06-05-2022,B0944,OH,34535,9.1,36,Fully Paid,B,home improvement,142669,MORTGAGE,0.44,0.5,37677.68,0
L0945,28-03-2022,B0945,NC,15818,8,36,Current,B,other,35898,MORTGAGE,0.23,0.57,2467.01,0
L0946,14-06-2021,B0946,MI,32238,23,60,Current,D,credit card,48395,OWN,0.48,0.66,3609.94,0
L0947,01-07-2021,B0947,OH,31874,19.2,36,Fully Paid,B,credit card,69019,OWN,0.15,0.64,37993.81,0
L0948,14-04-2022,B0948,OH,27715,23.7,36,Current,G,other,133243,RENT,0.11,0.86,9020.53,0
L0949,29-06-2023,B0949,FL,28605,17.1,36,Fully Paid,D,other,34006,RENT,0.46,0.81,33496.46,0
L0950,05-01-2023,B0950,CA,35317,14.5,60,Fully Paid,E,other,64393,RENT,0.13,0.63,40437.97,0
L0951,03-04-2023,B0951,GA,32174,6.2,60,Fully Paid,B,debt consolidation,40956,RENT,0.5,0.71,34168.79,0
L0952,02-08-2023,B0952,FL,10956,18.4,60,Fully Paid,A,home improvement,80042,RENT,0.48,0.54,12971.9,0
L0953,07-01-2021,B0953,CA,39908,16.6,36,Current,C,debt consolidation,126199,MORTGAGE,0.15,0.9,4986.33,0
L0954,26-11-2021,B0954,IL,11837,24.8,36,Fully Paid,B,home improvement,36078,MORTGAGE,0.32,0.92,14772.58,0
L0955,14-02-2023,B0955,GA,4716,9.8,36,Current,A,debt consolidation,59631,MORTGAGE,0.17,0.94,1357.66,0
L0956,31-05-2021,B0956,FL,5481,15.6,36,Fully Paid,F,small business,125676,RENT,0.27,0.89,6336.04,0
L0957,27-05-2021,B0957,GA,25282,18,60,Late (31-120 days),B,home improvement,92901,MORTGAGE,0.12,0.58,0,0
L0958,04-07-2023,B0958,GA,7548,17.9,36,Current,A,credit card,137227,MORTGAGE,0.19,0.52,2381.79,0
L0959,01-12-2022,B0959,NY,38605,16.2,36,Current,A,home improvement,99497,MORTGAGE,0.25,0.76,7107.9,0
L0960,23-03-2021,B0960,NC,8758,20.5,36,Fully Paid,B,home improvement,124813,MORTGAGE,0.28,0.91,10553.39,0
L0961,29-05-2022,B0961,NY,24177,9.1,60,Fully Paid,G,home improvement,147192,OWN,0.49,0.58,26377.11,0
L0962,26-03-2023,B0962,CA,25022,19.5,36,Fully Paid,B,small business,71574,RENT,0.42,0.5,29901.29,0
L0963,10-12-2022,B0963,TX,6542,17.4,36,Charged Off,B,debt consolidation,148494,RENT,0.39,0.86,723.02,1622.45
L0964,16-01-2023,B0964,PA,26476,22.9,36,Fully Paid,D,credit card,61417,OWN,0.31,0.53,32539,0
L0965,20-10-2023,B0965,MI,31784,21.9,36,Current,B,debt consolidation,118020,MORTGAGE,0.44,0.69,2122.03,0
L0966,08-12-2022,B0966,TX,23740,11.3,36,Current,A,debt consolidation,113639,MORTGAGE,0.24,0.81,1468.47,0
L0967,16-04-2022,B0967,PA,25817,10.5,60,Fully Paid,A,other,95006,MORTGAGE,0.38,0.61,28527.78,0
L0968,31-01-2022,B0968,CA,17052,24.6,36,Current,B,small business,124881,RENT,0.5,0.54,6524.2,0
L0969,18-09-2021,B0969,CA,36153,15.5,36,Current,A,other,141862,RENT,0.23,0.85,6981.3,0
L0970,16-03-2023,B0970,IL,1671,23.1,36,Current,A,small business,69454,RENT,0.37,0.78,682.33,0
L0971,23-07-2023,B0971,MI,1163,8.3,36,Fully Paid,E,debt consolidation,31587,RENT,0.44,0.94,1259.53,0
L0972,24-06-2023,B0972,NC,5795,17.9,36,Fully Paid,A,debt consolidation,138107,RENT,0.47,0.65,6832.3,0
L0973,13-12-2023,B0973,GA,11634,21.2,36,Fully Paid,D,small business,145584,OWN,0.39,0.53,14100.41,0
L0974,29-07-2023,B0974,NY,5798,23.9,36,Current,E,debt consolidation,84710,RENT,0.21,0.83,1416.33,0
L0975,04-05-2023,B0975,NY,23420,11.7,36,Current,C,debt consolidation,116567,MORTGAGE,0.23,0.73,5945.15,0
L0976,16-08-2022,B0976,CA,30300,19.5,36,Fully Paid,B,credit card,121748,RENT,0.11,0.6,36208.5,0
L0977,15-12-2022,B0977,NY,25345,15.8,36,Charged Off,A,other,105886,OWN,0.4,0.85,6434.2,4640.18
L0978,24-09-2022,B0978,CA,11749,6.2,60,Fully Paid,D,other,48816,MORTGAGE,0.12,0.59,12477.44,0
L0979,28-02-2021,B0979,GA,39595,18.8,60,Charged Off,C,other,115824,OWN,0.45,0.62,12429.24,11066.94
L0980,08-05-2021,B0980,CA,26121,18.8,60,In Grace Period,D,home improvement,59432,MORTGAGE,0.15,0.54,0,0
L0981,06-01-2023,B0981,IL,38487,23.6,60,Charged Off,A,credit card,139758,RENT,0.17,0.68,7006.59,17357.92
L0982,22-12-2022,B0982,NC,29411,14.9,36,Current,F,other,78617,OWN,0.29,0.69,3079.75,0
L0983,10-06-2022,B0983,OH,34361,9.6,60,Fully Paid,A,other,102373,MORTGAGE,0.4,0.73,37659.66,0
L0984,05-06-2022,B0984,FL,22223,5.9,60,Fully Paid,B,credit card,64217,RENT,0.16,0.82,23534.16,0
L0985,06-07-2022,B0985,NC,8394,13.3,36,Current,B,debt consolidation,50884,MORTGAGE,0.28,0.91,2520.1,0
L0986,25-08-2021,B0986,NC,15056,11,60,Fully Paid,A,other,35454,OWN,0.29,0.56,16712.16,0
L0987,09-05-2022,B0987,TX,29380,20.2,60,Fully Paid,C,debt consolidation,104960,OWN,0.18,0.52,35314.76,0
L0988,04-01-2021,B0988,MI,27035,12.1,36,Current,D,other,132421,OWN,0.15,0.51,5329.68,0
L0989,28-10-2022,B0989,MI,31620,24,36,Fully Paid,E,small business,137173,OWN,0.43,0.56,39208.8,0
L0990,18-03-2022,B0990,PA,20877,24.2,36,Charged Off,E,home improvement,73618,RENT,0.3,0.8,4859.07,9308.75
L0991,29-01-2021,B0991,FL,31911,17.4,60,Current,C,other,113948,MORTGAGE,0.11,0.83,10885.67,0
L0992,02-09-2022,B0992,GA,33784,23.6,60,Current,D,small business,92671,RENT,0.42,0.85,9201.29,0
L0993,16-03-2023,B0993,OH,4191,20.2,36,Current,A,credit card,77111,OWN,0.49,0.61,1379.36,0
L0994,16-03-2021,B0994,OH,34160,15.9,36,Charged Off,C,small business,69613,MORTGAGE,0.34,0.64,8992.96,10741.33
L0995,18-04-2023,B0995,MI,26000,8.6,60,Current,A,credit card,115678,OWN,0.3,0.72,9955.62,0
L0996,08-05-2021,B0996,NC,4631,14.2,36,Current,B,other,132928,RENT,0.45,0.53,1702.69,0
L0997,11-02-2021,B0997,IL,7172,16.2,60,Fully Paid,B,credit card,89993,RENT,0.48,0.78,8333.86,0
L0998,10-02-2021,B0998,PA,24561,22.3,36,Charged Off,B,small business,38848,RENT,0.4,0.94,6392.17,9431.07
L0999,23-07-2023,B0999,CA,25817,14.6,36,Current,C,home improvement,144853,MORTGAGE,0.28,0.66,9178.11,0
L1000,03-02-2021,B1000,PA,21281,23,60,Fully Paid,F,debt consolidation,108672,MORTGAGE,0.34,0.84,26175.63,0
